name	term	lev	seq	value
"intracellular signal transduction"	GO:0035556	3	TRINITY_DN214_c0_g1	1.63248211761946
"regulation of biological process"	GO:0050789;GO:0050794	2	TRINITY_DN11950_c0_g1	5.0291711878093
"regulation of biological process"	GO:0050789;GO:0050794	2	TRINITY_DN1209_c0_g1	-1.53766556104633
"regulation of biological process"	GO:0050789;GO:0050794	2	TRINITY_DN138978_c0_g2	1.62635949441292
"regulation of biological process"	GO:0050789;GO:0050794	2	TRINITY_DN15554_c0_g1	2.72221557319683
"regulation of biological process"	GO:0050789;GO:0050794	2	TRINITY_DN16902_c0_g1	-1.62236998296655
"regulation of biological process"	GO:0050789;GO:0050794	2	TRINITY_DN17286_c0_g1	2.06546954809801
"regulation of biological process"	GO:0050789;GO:0050794	2	TRINITY_DN18035_c3_g1	-2.0441324241014
"regulation of biological process"	GO:0050789;GO:0050794	2	TRINITY_DN18941_c0_g2	1.9709497951885
"regulation of biological process"	GO:0050789;GO:0050794	2	TRINITY_DN19508_c0_g1	-2.46221063413086
"regulation of biological process"	GO:0050789;GO:0050794	2	TRINITY_DN20249_c0_g1	2.62458047873355
"regulation of biological process"	GO:0050789;GO:0050794	2	TRINITY_DN2030_c0_g3	1.65138375954583
"regulation of biological process"	GO:0050789;GO:0050794	2	TRINITY_DN214_c0_g1	1.63248211761946
"regulation of biological process"	GO:0050789;GO:0050794	2	TRINITY_DN2175_c0_g1	0.864187967017124
"regulation of biological process"	GO:0050789;GO:0050794	2	TRINITY_DN23887_c0_g1	-1.2129860356771
"regulation of biological process"	GO:0050789;GO:0050794	2	TRINITY_DN34708_c2_g1	5.02676541973598
"regulation of biological process"	GO:0050789;GO:0050794	2	TRINITY_DN380_c0_g1	2.3503622841353
"regulation of biological process"	GO:0050789;GO:0050794	2	TRINITY_DN44443_c1_g1	-6.50091817032553
"regulation of biological process"	GO:0050789;GO:0050794	2	TRINITY_DN6842_c0_g1	1.07394341116996
"regulation of biological process"	GO:0050789;GO:0050794	2	TRINITY_DN8242_c0_g1	1.59603794818379
"cell migration"	GO:0001764;GO:0016477;GO:0048870;GO:0040011	3	TRINITY_DN11227_c0_g1	-1.02481507137804
"cellular lipid metabolic process"	GO:0044255;GO:0006629	3	TRINITY_DN10080_c0_g1	-1.15159340852166
"signal transduction"	GO:0007165	2	TRINITY_DN16902_c0_g1	-1.62236998296655
"signal transduction"	GO:0007165	2	TRINITY_DN17286_c0_g1	2.06546954809801
"signal transduction"	GO:0007165	2	TRINITY_DN18035_c3_g1	-2.0441324241014
"signal transduction"	GO:0007165	2	TRINITY_DN18941_c0_g2	1.9709497951885
"signal transduction"	GO:0007165	2	TRINITY_DN2030_c0_g3	1.65138375954583
"signal transduction"	GO:0007165	2	TRINITY_DN214_c0_g1	1.63248211761946
"signal transduction"	GO:0007165	2	TRINITY_DN8242_c0_g1	1.59603794818379
"ribonucleoprotein complex assembly"	GO:0000027;GO:0022618;GO:0071826	6	TRINITY_DN41631_c0_g1	-3.19263662086775
"cell differentiation"	GO:0030154	3	TRINITY_DN5535_c0_g1	1.9132609734197
"protein-containing complex subunit organization"	GO:0065003;GO:0043933	4	TRINITY_DN30237_c0_g1	-2.07526420386186
"protein-containing complex subunit organization"	GO:0065003;GO:0043933	4	TRINITY_DN396_c0_g1	-2.10200966114974
"protein-containing complex subunit organization"	GO:0065003;GO:0043933	4	TRINITY_DN41631_c0_g1	-3.19263662086775
"tissue morphogenesis"	GO:0002009;GO:0048729	3	TRINITY_DN23793_c1_g2	1.91922605248639
"regulation of microtubule cytoskeleton organization"	GO:0031110;GO:0070507;GO:0032886;GO:0051493;GO:0033043	3	TRINITY_DN20249_c0_g1	2.62458047873355
"regulation of protein modification process"	GO:0001932;GO:0031399;GO:0042325;GO:0032268;GO:0019220;GO:0051246;GO:0051174	2	TRINITY_DN138978_c0_g2	1.62635949441292
"regulation of protein modification process"	GO:0001932;GO:0031399;GO:0042325;GO:0032268;GO:0019220;GO:0051246;GO:0051174	2	TRINITY_DN2175_c0_g1	0.864187967017124
"regulation of protein modification process"	GO:0001932;GO:0031399;GO:0042325;GO:0032268;GO:0019220;GO:0051246;GO:0051174	2	TRINITY_DN23887_c0_g1	-1.2129860356771
"regulation of protein modification process"	GO:0001932;GO:0031399;GO:0042325;GO:0032268;GO:0019220;GO:0051246;GO:0051174	2	TRINITY_DN44443_c1_g1	-6.50091817032553
"unknown"	unknown	5	TRINITY_DN100498_c0_g1	1.16198481532734
"unknown"	unknown	5	TRINITY_DN1006_c1_g1	1.45508050959901
"unknown"	unknown	5	TRINITY_DN1007_c2_g1	1.60597986163164
"unknown"	unknown	5	TRINITY_DN101250_c0_g2	-2.89550213000533
"unknown"	unknown	5	TRINITY_DN10128_c0_g1	1.49628321558461
"unknown"	unknown	5	TRINITY_DN101725_c0_g1	1.7452445355827
"unknown"	unknown	5	TRINITY_DN10266_c0_g1	-2.06668292200203
"unknown"	unknown	5	TRINITY_DN10332_c0_g2	-1.39893964918868
"unknown"	unknown	5	TRINITY_DN105022_c0_g1	1.06661544267893
"unknown"	unknown	5	TRINITY_DN10503_c1_g1	2.05054365303213
"unknown"	unknown	5	TRINITY_DN10515_c0_g1	0.875350091624314
"unknown"	unknown	5	TRINITY_DN1059_c0_g2	2.03393932206682
"unknown"	unknown	5	TRINITY_DN10623_c0_g1	2.09099316437167
"unknown"	unknown	5	TRINITY_DN106299_c0_g3	1.81355700129449
"unknown"	unknown	5	TRINITY_DN10649_c0_g1	-1.30627375824099
"unknown"	unknown	5	TRINITY_DN10651_c0_g1	2.1750774580276
"unknown"	unknown	5	TRINITY_DN10655_c0_g1	0.942866557898918
"unknown"	unknown	5	TRINITY_DN10717_c0_g2	-3.97052807356985
"unknown"	unknown	5	TRINITY_DN10801_c0_g1	2.71242715888919
"unknown"	unknown	5	TRINITY_DN1082_c0_g1	-1.46334389288943
"unknown"	unknown	5	TRINITY_DN110044_c0_g1	-2.21585999492185
"unknown"	unknown	5	TRINITY_DN1105_c0_g1	-1.30611345845185
"unknown"	unknown	5	TRINITY_DN1110_c0_g2	0.913912620880612
"unknown"	unknown	5	TRINITY_DN11132_c0_g1	2.40172298490374
"unknown"	unknown	5	TRINITY_DN1114_c0_g2	-7.09066955329098
"unknown"	unknown	5	TRINITY_DN11153_c0_g2	0.992890142471052
"unknown"	unknown	5	TRINITY_DN11226_c1_g1	-1.74264260758459
"unknown"	unknown	5	TRINITY_DN112757_c0_g1	2.15547465260436
"unknown"	unknown	5	TRINITY_DN11325_c0_g1	-2.00358772294568
"unknown"	unknown	5	TRINITY_DN11325_c1_g1	-1.74980675189051
"unknown"	unknown	5	TRINITY_DN113630_c0_g1	-2.07334559574825
"unknown"	unknown	5	TRINITY_DN11376_c0_g1	1.78406915489397
"unknown"	unknown	5	TRINITY_DN11376_c1_g1	1.18758107949442
"unknown"	unknown	5	TRINITY_DN1138_c0_g1	1.40447507944416
"unknown"	unknown	5	TRINITY_DN1139_c1_g1	-1.64776339521747
"unknown"	unknown	5	TRINITY_DN114145_c0_g1	2.03700570004034
"unknown"	unknown	5	TRINITY_DN11417_c0_g1	-2.37363536665741
"unknown"	unknown	5	TRINITY_DN11424_c0_g2	1.64241592953835
"unknown"	unknown	5	TRINITY_DN11452_c1_g1	-2.93335058486677
"unknown"	unknown	5	TRINITY_DN11472_c0_g1	-3.99623914186413
"unknown"	unknown	5	TRINITY_DN11639_c0_g1	-1.73858150873167
"unknown"	unknown	5	TRINITY_DN11726_c0_g1	1.44586883668866
"unknown"	unknown	5	TRINITY_DN11787_c0_g1	-1.84242553022172
"unknown"	unknown	5	TRINITY_DN11838_c0_g1	2.33203151055646
"unknown"	unknown	5	TRINITY_DN11839_c0_g1	2.35899154670365
"unknown"	unknown	5	TRINITY_DN11844_c1_g1	1.58854475403101
"unknown"	unknown	5	TRINITY_DN1193_c1_g2	-1.68658816622841
"unknown"	unknown	5	TRINITY_DN1207_c1_g1	1.59503813764199
"unknown"	unknown	5	TRINITY_DN12113_c0_g1	-5.88224645685574
"unknown"	unknown	5	TRINITY_DN12206_c0_g1	1.62191195536891
"unknown"	unknown	5	TRINITY_DN1223_c0_g1	-1.36600821331289
"unknown"	unknown	5	TRINITY_DN123138_c0_g2	1.75766034588421
"unknown"	unknown	5	TRINITY_DN1236_c0_g1	-1.61628819898264
"unknown"	unknown	5	TRINITY_DN1250_c3_g1	-2.95035662248313
"unknown"	unknown	5	TRINITY_DN12580_c0_g1	1.53395719657148
"unknown"	unknown	5	TRINITY_DN12592_c0_g1	-1.17082160220357
"unknown"	unknown	5	TRINITY_DN12602_c0_g1	1.40103405778094
"unknown"	unknown	5	TRINITY_DN1269_c1_g1	-2.99997160894896
"unknown"	unknown	5	TRINITY_DN12769_c0_g1	-2.66138447271098
"unknown"	unknown	5	TRINITY_DN127987_c0_g3	-1.86336481077508
"unknown"	unknown	5	TRINITY_DN128737_c0_g2	3.32240675705097
"unknown"	unknown	5	TRINITY_DN128737_c0_g3	3.59458839653036
"unknown"	unknown	5	TRINITY_DN128_c0_g1	-1.7754042999912
"unknown"	unknown	5	TRINITY_DN12900_c0_g1	-1.33671577962932
"unknown"	unknown	5	TRINITY_DN12926_c0_g3	1.73929062800242
"unknown"	unknown	5	TRINITY_DN1292_c1_g1	-1.70546823085749
"unknown"	unknown	5	TRINITY_DN12978_c0_g2	1.11376123347999
"unknown"	unknown	5	TRINITY_DN13270_c0_g1	3.87605290167724
"unknown"	unknown	5	TRINITY_DN13274_c0_g1	2.2146713573123
"unknown"	unknown	5	TRINITY_DN132770_c1_g1	5.6548616598564
"unknown"	unknown	5	TRINITY_DN132770_c1_g2	5.78344248730785
"unknown"	unknown	5	TRINITY_DN13338_c0_g1	2.08707783984548
"unknown"	unknown	5	TRINITY_DN13463_c0_g1	2.21797988723414
"unknown"	unknown	5	TRINITY_DN1346_c0_g2	2.34890732116469
"unknown"	unknown	5	TRINITY_DN13624_c0_g1	2.74517971239062
"unknown"	unknown	5	TRINITY_DN13641_c1_g1	-2.11518526585373
"unknown"	unknown	5	TRINITY_DN13725_c0_g1	-3.99762778802973
"unknown"	unknown	5	TRINITY_DN13810_c0_g2	-0.879381112955255
"unknown"	unknown	5	TRINITY_DN13819_c0_g1	-3.06090065503788
"unknown"	unknown	5	TRINITY_DN13893_c0_g1	-1.24080898308052
"unknown"	unknown	5	TRINITY_DN13975_c1_g1	2.20256101863629
"unknown"	unknown	5	TRINITY_DN1406_c0_g1	1.69974794192716
"unknown"	unknown	5	TRINITY_DN14089_c0_g1	1.03244041603643
"unknown"	unknown	5	TRINITY_DN14261_c0_g1	0.928752108797606
"unknown"	unknown	5	TRINITY_DN1431_c0_g2	1.50103066693344
"unknown"	unknown	5	TRINITY_DN14386_c0_g2	2.39516872167381
"unknown"	unknown	5	TRINITY_DN14411_c1_g1	-3.24263594028157
"unknown"	unknown	5	TRINITY_DN14430_c0_g1	2.59962572972255
"unknown"	unknown	5	TRINITY_DN14442_c4_g1	2.36323086306048
"unknown"	unknown	5	TRINITY_DN14557_c0_g2	-2.247162420628
"unknown"	unknown	5	TRINITY_DN145598_c0_g1	-3.48057229226414
"unknown"	unknown	5	TRINITY_DN14564_c0_g2	-6.67118750832899
"unknown"	unknown	5	TRINITY_DN14661_c0_g1	-3.15790727359059
"unknown"	unknown	5	TRINITY_DN147302_c0_g1	-4.04839250734726
"unknown"	unknown	5	TRINITY_DN14921_c0_g1	1.72399193179256
"unknown"	unknown	5	TRINITY_DN15049_c0_g1	1.89935892652716
"unknown"	unknown	5	TRINITY_DN151225_c0_g1	-1.19912031618888
"unknown"	unknown	5	TRINITY_DN15296_c0_g1	2.67866114849101
"unknown"	unknown	5	TRINITY_DN153060_c0_g1	3.07433273962083
"unknown"	unknown	5	TRINITY_DN154028_c0_g1	2.88274409577906
"unknown"	unknown	5	TRINITY_DN15407_c0_g1	1.39128290740132
"unknown"	unknown	5	TRINITY_DN154100_c0_g1	2.30057745045023
"unknown"	unknown	5	TRINITY_DN1545_c0_g1	1.51637646139284
"unknown"	unknown	5	TRINITY_DN15464_c0_g1	-1.88628041956997
"unknown"	unknown	5	TRINITY_DN1548_c0_g1	2.30333914565849
"unknown"	unknown	5	TRINITY_DN15578_c5_g1	-3.19786372995322
"unknown"	unknown	5	TRINITY_DN15614_c0_g1	-1.42807112126215
"unknown"	unknown	5	TRINITY_DN156275_c0_g1	-2.97426121731781
"unknown"	unknown	5	TRINITY_DN15655_c0_g1	-3.05740042533054
"unknown"	unknown	5	TRINITY_DN15668_c0_g1	1.00419274574852
"unknown"	unknown	5	TRINITY_DN15739_c0_g1	-1.42236956348297
"unknown"	unknown	5	TRINITY_DN15983_c0_g1	1.86258989923819
"unknown"	unknown	5	TRINITY_DN16010_c0_g1	2.0683438305644
"unknown"	unknown	5	TRINITY_DN16253_c0_g1	-1.5150095591929
"unknown"	unknown	5	TRINITY_DN162862_c0_g1	-4.25663395038986
"unknown"	unknown	5	TRINITY_DN16345_c0_g1	-1.05243951577839
"unknown"	unknown	5	TRINITY_DN16685_c0_g2	2.53605650265228
"unknown"	unknown	5	TRINITY_DN16698_c0_g1	-2.2015086473361
"unknown"	unknown	5	TRINITY_DN16773_c0_g1	-3.50297345997084
"unknown"	unknown	5	TRINITY_DN168_c0_g1	1.84465450675245
"unknown"	unknown	5	TRINITY_DN1691_c0_g1	1.82171421038507
"unknown"	unknown	5	TRINITY_DN16924_c0_g1	2.41570589112213
"unknown"	unknown	5	TRINITY_DN169344_c1_g4	-5.62610560834553
"unknown"	unknown	5	TRINITY_DN170138_c0_g2	-2.65832427085978
"unknown"	unknown	5	TRINITY_DN1704_c0_g1	-1.10265573179134
"unknown"	unknown	5	TRINITY_DN170568_c0_g1	1.19386705302823
"unknown"	unknown	5	TRINITY_DN170568_c0_g2	1.11447294022965
"unknown"	unknown	5	TRINITY_DN1706_c4_g1	-3.32490967455997
"unknown"	unknown	5	TRINITY_DN170_c1_g1	-3.46144453710674
"unknown"	unknown	5	TRINITY_DN1710_c0_g1	1.9824871533674
"unknown"	unknown	5	TRINITY_DN172546_c0_g1	3.4493047102182
"unknown"	unknown	5	TRINITY_DN17327_c0_g1	1.52672488769408
"unknown"	unknown	5	TRINITY_DN173532_c0_g3	1.44097768438489
"unknown"	unknown	5	TRINITY_DN17364_c1_g1	2.10393775785484
"unknown"	unknown	5	TRINITY_DN1748_c0_g1	1.65725993541658
"unknown"	unknown	5	TRINITY_DN17509_c0_g2	3.00551114388993
"unknown"	unknown	5	TRINITY_DN1750_c0_g1	1.57093581378378
"unknown"	unknown	5	TRINITY_DN1764_c0_g1	3.33618089088982
"unknown"	unknown	5	TRINITY_DN176554_c0_g2	-1.5494144344918
"unknown"	unknown	5	TRINITY_DN1781_c0_g1	2.4333255774633
"unknown"	unknown	5	TRINITY_DN17898_c0_g1	2.50346074132296
"unknown"	unknown	5	TRINITY_DN17995_c0_g1	-7.55693209505659
"unknown"	unknown	5	TRINITY_DN18018_c0_g1	1.5541729677055
"unknown"	unknown	5	TRINITY_DN1803_c0_g1	-2.06274337559345
"unknown"	unknown	5	TRINITY_DN18448_c0_g1	4.32192003858701
"unknown"	unknown	5	TRINITY_DN1857_c0_g1	1.48807752487923
"unknown"	unknown	5	TRINITY_DN18777_c0_g1	2.12607133067395
"unknown"	unknown	5	TRINITY_DN18848_c0_g1	1.73037282207698
"unknown"	unknown	5	TRINITY_DN1888_c0_g1	1.76418117429231
"unknown"	unknown	5	TRINITY_DN18913_c0_g1	-4.82656523621278
"unknown"	unknown	5	TRINITY_DN18941_c0_g1	1.95003836296292
"unknown"	unknown	5	TRINITY_DN1902_c0_g1	-2.97073685757548
"unknown"	unknown	5	TRINITY_DN190500_c0_g1	1.75004778377007
"unknown"	unknown	5	TRINITY_DN1938_c0_g1	2.28794571241284
"unknown"	unknown	5	TRINITY_DN1942_c5_g1	2.41253437217694
"unknown"	unknown	5	TRINITY_DN19702_c0_g1	0.992957594807163
"unknown"	unknown	5	TRINITY_DN197121_c1_g1	1.28883403444909
"unknown"	unknown	5	TRINITY_DN199_c0_g1	-1.68407184581126
"unknown"	unknown	5	TRINITY_DN20109_c0_g1	2.0567763876707
"unknown"	unknown	5	TRINITY_DN20113_c1_g1	-2.70286759368988
"unknown"	unknown	5	TRINITY_DN20263_c0_g1	-3.72661567823858
"unknown"	unknown	5	TRINITY_DN20288_c0_g1	-0.63399564128102
"unknown"	unknown	5	TRINITY_DN20583_c0_g1	1.36367263106718
"unknown"	unknown	5	TRINITY_DN2068_c0_g1	2.9877094842329
"unknown"	unknown	5	TRINITY_DN2071_c0_g1	2.5079049061046
"unknown"	unknown	5	TRINITY_DN2079_c0_g1	-1.1956657364222
"unknown"	unknown	5	TRINITY_DN208502_c0_g1	1.86204113395954
"unknown"	unknown	5	TRINITY_DN21037_c1_g1	-2.43830833064697
"unknown"	unknown	5	TRINITY_DN21096_c0_g1	2.12474800678739
"unknown"	unknown	5	TRINITY_DN21162_c0_g1	2.01798331753645
"unknown"	unknown	5	TRINITY_DN2122_c0_g1	1.09177492963799
"unknown"	unknown	5	TRINITY_DN213856_c0_g1	1.80086892781184
"unknown"	unknown	5	TRINITY_DN2143_c1_g1	2.58666043026603
"unknown"	unknown	5	TRINITY_DN2145_c0_g1	-1.18021852695207
"unknown"	unknown	5	TRINITY_DN21522_c0_g1	-2.52793575562431
"unknown"	unknown	5	TRINITY_DN21540_c0_g1	1.37138181802728
"unknown"	unknown	5	TRINITY_DN2172_c0_g1	-1.93042367798115
"unknown"	unknown	5	TRINITY_DN218833_c0_g1	2.18239462221212
"unknown"	unknown	5	TRINITY_DN21924_c0_g1	-4.69249234805144
"unknown"	unknown	5	TRINITY_DN21980_c0_g1	1.58448140801907
"unknown"	unknown	5	TRINITY_DN22103_c0_g1	1.42463356388485
"unknown"	unknown	5	TRINITY_DN2214_c1_g1	-1.77352777310478
"unknown"	unknown	5	TRINITY_DN22296_c0_g1	1.48498437082359
"unknown"	unknown	5	TRINITY_DN2232_c2_g1	-2.49835712683725
"unknown"	unknown	5	TRINITY_DN22501_c0_g1	-2.03120051262353
"unknown"	unknown	5	TRINITY_DN2268_c0_g1	-2.51652114235793
"unknown"	unknown	5	TRINITY_DN227320_c0_g1	1.11402403276792
"unknown"	unknown	5	TRINITY_DN23462_c1_g1	-3.03737694912638
"unknown"	unknown	5	TRINITY_DN2361_c1_g1	1.76625296884051
"unknown"	unknown	5	TRINITY_DN23686_c0_g1	-2.08982135641628
"unknown"	unknown	5	TRINITY_DN2369_c0_g1	1.24968078237985
"unknown"	unknown	5	TRINITY_DN23714_c0_g1	1.7253454254023
"unknown"	unknown	5	TRINITY_DN23809_c0_g1	-2.37271077062133
"unknown"	unknown	5	TRINITY_DN2387_c1_g1	1.89250619465294
"unknown"	unknown	5	TRINITY_DN2390_c1_g3	1.35947875959569
"unknown"	unknown	5	TRINITY_DN23920_c0_g1	1.55209225620818
"unknown"	unknown	5	TRINITY_DN23920_c1_g1	1.83973399204367
"unknown"	unknown	5	TRINITY_DN23955_c2_g2	-4.97831704359235
"unknown"	unknown	5	TRINITY_DN24065_c0_g1	-1.75230531232627
"unknown"	unknown	5	TRINITY_DN2406_c0_g1	0.692036807034928
"unknown"	unknown	5	TRINITY_DN24162_c0_g1	1.24419244987074
"unknown"	unknown	5	TRINITY_DN2423_c0_g1	-1.96123134227025
"unknown"	unknown	5	TRINITY_DN2429_c0_g1	-1.5398462584132
"unknown"	unknown	5	TRINITY_DN24509_c0_g1	-3.08169822910559
"unknown"	unknown	5	TRINITY_DN2458_c0_g1	-0.898653129306634
"unknown"	unknown	5	TRINITY_DN24655_c0_g1	1.30929246467403
"unknown"	unknown	5	TRINITY_DN246596_c0_g1	2.49504942346154
"unknown"	unknown	5	TRINITY_DN246596_c1_g1	3.20426329371432
"unknown"	unknown	5	TRINITY_DN24723_c1_g1	1.25407559337527
"unknown"	unknown	5	TRINITY_DN247_c0_g1	2.80092670986638
"unknown"	unknown	5	TRINITY_DN2482_c0_g1	1.79220488168483
"unknown"	unknown	5	TRINITY_DN251087_c0_g1	1.16915104378225
"unknown"	unknown	5	TRINITY_DN2512_c0_g1	1.127819361166
"unknown"	unknown	5	TRINITY_DN2520_c6_g1	-1.3809283260784
"unknown"	unknown	5	TRINITY_DN2523_c0_g1	2.19463938102197
"unknown"	unknown	5	TRINITY_DN25275_c0_g1	2.01088419398987
"unknown"	unknown	5	TRINITY_DN2535_c0_g1	-1.72194326163575
"unknown"	unknown	5	TRINITY_DN2543_c1_g1	3.1123622832176
"unknown"	unknown	5	TRINITY_DN2574_c0_g1	1.82988890209895
"unknown"	unknown	5	TRINITY_DN25875_c0_g1	-0.780144564325713
"unknown"	unknown	5	TRINITY_DN25875_c0_g2	-0.743051271121922
"unknown"	unknown	5	TRINITY_DN26186_c0_g1	1.58443248691945
"unknown"	unknown	5	TRINITY_DN2618_c0_g1	-2.52029187760036
"unknown"	unknown	5	TRINITY_DN26350_c0_g1	-1.40228594180467
"unknown"	unknown	5	TRINITY_DN26350_c1_g1	-1.68931770500619
"unknown"	unknown	5	TRINITY_DN2652_c0_g2	1.51681775752111
"unknown"	unknown	5	TRINITY_DN2653_c0_g1	-3.18697105924415
"unknown"	unknown	5	TRINITY_DN2682_c0_g3	1.08888904634317
"unknown"	unknown	5	TRINITY_DN27134_c0_g2	-2.05592366204522
"unknown"	unknown	5	TRINITY_DN2719_c1_g1	1.96940715270935
"unknown"	unknown	5	TRINITY_DN27251_c0_g1	5.12730200087725
"unknown"	unknown	5	TRINITY_DN2735_c0_g2	-3.62160637806344
"unknown"	unknown	5	TRINITY_DN27513_c0_g1	-1.64629831259548
"unknown"	unknown	5	TRINITY_DN27733_c0_g1	1.97799631246749
"unknown"	unknown	5	TRINITY_DN27957_c0_g1	2.34966604608835
"unknown"	unknown	5	TRINITY_DN27993_c0_g2	-2.72195054199494
"unknown"	unknown	5	TRINITY_DN28128_c0_g2	1.19261944872483
"unknown"	unknown	5	TRINITY_DN2821_c0_g1	0.879824658011906
"unknown"	unknown	5	TRINITY_DN2824_c0_g1	3.66818923236186
"unknown"	unknown	5	TRINITY_DN285480_c0_g1	-3.98617449977971
"unknown"	unknown	5	TRINITY_DN2895_c2_g1	1.61555427842398
"unknown"	unknown	5	TRINITY_DN2898_c0_g1	0.7792203080279
"unknown"	unknown	5	TRINITY_DN29149_c0_g1	3.95581731553135
"unknown"	unknown	5	TRINITY_DN29275_c0_g1	1.9396729702529
"unknown"	unknown	5	TRINITY_DN29640_c0_g3	-1.73740576714411
"unknown"	unknown	5	TRINITY_DN296413_c0_g3	1.81340747380375
"unknown"	unknown	5	TRINITY_DN2984_c0_g1	1.69938616510044
"unknown"	unknown	5	TRINITY_DN29920_c0_g1	1.19412451845924
"unknown"	unknown	5	TRINITY_DN30002_c0_g1	-1.72462178810589
"unknown"	unknown	5	TRINITY_DN3003_c0_g1	-1.59436959902143
"unknown"	unknown	5	TRINITY_DN300_c0_g1	-1.57544807874175
"unknown"	unknown	5	TRINITY_DN3014_c0_g2	1.21740268500035
"unknown"	unknown	5	TRINITY_DN30501_c0_g1	2.70577173488608
"unknown"	unknown	5	TRINITY_DN305460_c0_g1	2.26350216990467
"unknown"	unknown	5	TRINITY_DN3056_c0_g1	2.13890227938998
"unknown"	unknown	5	TRINITY_DN3061_c0_g1	1.10220036430744
"unknown"	unknown	5	TRINITY_DN307_c0_g1	1.77984613573352
"unknown"	unknown	5	TRINITY_DN30887_c0_g1	2.03483388169521
"unknown"	unknown	5	TRINITY_DN30909_c0_g1	-2.10725134657679
"unknown"	unknown	5	TRINITY_DN3094_c0_g1	1.24890547252486
"unknown"	unknown	5	TRINITY_DN3102_c0_g1	1.75479631378161
"unknown"	unknown	5	TRINITY_DN311348_c0_g2	-1.48453776005687
"unknown"	unknown	5	TRINITY_DN311960_c0_g1	1.77839801232712
"unknown"	unknown	5	TRINITY_DN312550_c0_g1	1.23328891607434
"unknown"	unknown	5	TRINITY_DN3136_c1_g2	2.14512356921232
"unknown"	unknown	5	TRINITY_DN314803_c0_g2	-1.99660673377551
"unknown"	unknown	5	TRINITY_DN3151_c0_g1	1.57949537399318
"unknown"	unknown	5	TRINITY_DN317479_c0_g1	2.32957310432261
"unknown"	unknown	5	TRINITY_DN31922_c1_g1	-1.99816373344142
"unknown"	unknown	5	TRINITY_DN3196_c3_g1	-1.20992318419776
"unknown"	unknown	5	TRINITY_DN3197_c1_g1	-1.87982095204679
"unknown"	unknown	5	TRINITY_DN319_c0_g1	1.4374416986944
"unknown"	unknown	5	TRINITY_DN32053_c2_g1	-2.57837087378555
"unknown"	unknown	5	TRINITY_DN32277_c0_g1	-4.36458270680733
"unknown"	unknown	5	TRINITY_DN32625_c0_g1	-5.75410838016267
"unknown"	unknown	5	TRINITY_DN3292_c0_g1	3.3463862568824
"unknown"	unknown	5	TRINITY_DN33172_c0_g4	-1.22839833133756
"unknown"	unknown	5	TRINITY_DN33392_c0_g1	1.5665599657399
"unknown"	unknown	5	TRINITY_DN33861_c0_g1	-3.27918830949885
"unknown"	unknown	5	TRINITY_DN33918_c0_g4	-2.5710498024825
"unknown"	unknown	5	TRINITY_DN3409_c0_g1	-2.5754032293344
"unknown"	unknown	5	TRINITY_DN3415_c0_g2	-7.22840183298757
"unknown"	unknown	5	TRINITY_DN34231_c0_g1	-1.21394092529385
"unknown"	unknown	5	TRINITY_DN34744_c0_g3	-3.88899008883828
"unknown"	unknown	5	TRINITY_DN348439_c1_g1	1.69818649274672
"unknown"	unknown	5	TRINITY_DN35076_c0_g1	3.07277798150637
"unknown"	unknown	5	TRINITY_DN35079_c0_g1	-4.29443442738111
"unknown"	unknown	5	TRINITY_DN3514_c0_g1	2.55304594124693
"unknown"	unknown	5	TRINITY_DN3525_c0_g1	0.943616222835025
"unknown"	unknown	5	TRINITY_DN3527_c0_g1	3.81907862524359
"unknown"	unknown	5	TRINITY_DN353395_c0_g1	1.0229522654323
"unknown"	unknown	5	TRINITY_DN3556_c0_g1	1.16927489182935
"unknown"	unknown	5	TRINITY_DN3574_c0_g1	1.38643268767733
"unknown"	unknown	5	TRINITY_DN35762_c0_g1	-1.19144223385436
"unknown"	unknown	5	TRINITY_DN3602_c0_g1	-1.35487092486781
"unknown"	unknown	5	TRINITY_DN36151_c0_g1	-2.5930016694901
"unknown"	unknown	5	TRINITY_DN364707_c0_g1	-2.77709204524001
"unknown"	unknown	5	TRINITY_DN36744_c0_g1	1.8169071575195
"unknown"	unknown	5	TRINITY_DN36_c3_g1	2.17364814255633
"unknown"	unknown	5	TRINITY_DN37270_c0_g1	1.88902330580945
"unknown"	unknown	5	TRINITY_DN37323_c0_g2	1.9888326045994
"unknown"	unknown	5	TRINITY_DN37864_c0_g1	2.52690432179454
"unknown"	unknown	5	TRINITY_DN3787_c0_g1	-1.45442648482994
"unknown"	unknown	5	TRINITY_DN37959_c0_g2	-2.97607352816691
"unknown"	unknown	5	TRINITY_DN3795_c2_g1	-3.42154405759084
"unknown"	unknown	5	TRINITY_DN3799_c0_g1	2.71761081652673
"unknown"	unknown	5	TRINITY_DN3802_c0_g1	2.17315897234656
"unknown"	unknown	5	TRINITY_DN3852_c0_g1	1.72175312317594
"unknown"	unknown	5	TRINITY_DN38642_c0_g1	1.15767348315601
"unknown"	unknown	5	TRINITY_DN3889_c0_g1	2.453952277476
"unknown"	unknown	5	TRINITY_DN38_c0_g1	-3.40706189829524
"unknown"	unknown	5	TRINITY_DN39245_c0_g2	-3.0603650341167
"unknown"	unknown	5	TRINITY_DN3927_c2_g1	1.53831626165022
"unknown"	unknown	5	TRINITY_DN394_c0_g1	1.30496494523457
"unknown"	unknown	5	TRINITY_DN39969_c1_g1	1.80109341518771
"unknown"	unknown	5	TRINITY_DN40037_c0_g2	1.54451306635392
"unknown"	unknown	5	TRINITY_DN4005_c0_g1	1.95815674977334
"unknown"	unknown	5	TRINITY_DN4010_c0_g1	1.40054662224514
"unknown"	unknown	5	TRINITY_DN40292_c0_g1	2.33179906445479
"unknown"	unknown	5	TRINITY_DN40293_c0_g1	-6.11195003704715
"unknown"	unknown	5	TRINITY_DN40354_c0_g1	-1.13659288799764
"unknown"	unknown	5	TRINITY_DN40654_c0_g1	-2.47662117237458
"unknown"	unknown	5	TRINITY_DN414_c1_g1	-2.77192781995878
"unknown"	unknown	5	TRINITY_DN417357_c0_g1	-2.03117727701792
"unknown"	unknown	5	TRINITY_DN41847_c0_g1	3.43959171367352
"unknown"	unknown	5	TRINITY_DN4188_c0_g1	-3.09557460564098
"unknown"	unknown	5	TRINITY_DN42056_c0_g1	3.11721262829884
"unknown"	unknown	5	TRINITY_DN422_c0_g1	-1.49134069643254
"unknown"	unknown	5	TRINITY_DN42340_c2_g1	-3.38161661446207
"unknown"	unknown	5	TRINITY_DN4241_c0_g1	2.65537168933274
"unknown"	unknown	5	TRINITY_DN42430_c0_g1	-2.40286097236388
"unknown"	unknown	5	TRINITY_DN42808_c0_g1	-3.51769284316436
"unknown"	unknown	5	TRINITY_DN42835_c0_g1	3.57670780575088
"unknown"	unknown	5	TRINITY_DN42835_c0_g2	3.03039473394016
"unknown"	unknown	5	TRINITY_DN4296_c2_g1	-1.34727621029927
"unknown"	unknown	5	TRINITY_DN4308_c0_g1	4.8664075574308
"unknown"	unknown	5	TRINITY_DN43273_c0_g1	1.59696732000896
"unknown"	unknown	5	TRINITY_DN437_c0_g1	-1.10844306065327
"unknown"	unknown	5	TRINITY_DN4381_c0_g1	3.05774487519029
"unknown"	unknown	5	TRINITY_DN445_c0_g1	-2.018002570868
"unknown"	unknown	5	TRINITY_DN44715_c0_g1	3.95445090338074
"unknown"	unknown	5	TRINITY_DN44715_c1_g1	4.99981378855663
"unknown"	unknown	5	TRINITY_DN4487_c0_g1	1.35151378690316
"unknown"	unknown	5	TRINITY_DN449912_c0_g1	3.87849299970422
"unknown"	unknown	5	TRINITY_DN45873_c0_g1	3.27967114227786
"unknown"	unknown	5	TRINITY_DN45893_c0_g1	2.80701972643107
"unknown"	unknown	5	TRINITY_DN458_c0_g1	-1.49837628067526
"unknown"	unknown	5	TRINITY_DN46157_c0_g1	0.704881870847472
"unknown"	unknown	5	TRINITY_DN461_c0_g1	1.87771016287414
"unknown"	unknown	5	TRINITY_DN4631_c0_g1	1.74924980400352
"unknown"	unknown	5	TRINITY_DN46615_c0_g1	2.74118680812944
"unknown"	unknown	5	TRINITY_DN46648_c0_g1	-4.90355517525275
"unknown"	unknown	5	TRINITY_DN4666_c0_g1	-1.68630172657644
"unknown"	unknown	5	TRINITY_DN4695_c0_g1	2.47338565752602
"unknown"	unknown	5	TRINITY_DN4718_c0_g1	-1.06717388896378
"unknown"	unknown	5	TRINITY_DN4742_c0_g1	-1.7664198495241
"unknown"	unknown	5	TRINITY_DN47673_c0_g1	2.56856150202361
"unknown"	unknown	5	TRINITY_DN4774_c0_g1	-1.21242281258191
"unknown"	unknown	5	TRINITY_DN4780_c0_g1	1.84220847067655
"unknown"	unknown	5	TRINITY_DN478_c2_g1	-1.14717525594895
"unknown"	unknown	5	TRINITY_DN48544_c2_g1	2.67124893340071
"unknown"	unknown	5	TRINITY_DN4858_c0_g1	-2.00340595057824
"unknown"	unknown	5	TRINITY_DN4869_c0_g1	1.76247256887183
"unknown"	unknown	5	TRINITY_DN487_c0_g1	1.13373684003985
"unknown"	unknown	5	TRINITY_DN48891_c0_g1	-1.86839552056371
"unknown"	unknown	5	TRINITY_DN48929_c0_g2	1.6192837046839
"unknown"	unknown	5	TRINITY_DN48949_c0_g3	1.10413388922512
"unknown"	unknown	5	TRINITY_DN49158_c0_g1	-3.04067799936051
"unknown"	unknown	5	TRINITY_DN49329_c0_g1	1.62446066457818
"unknown"	unknown	5	TRINITY_DN496870_c0_g1	2.91819307148895
"unknown"	unknown	5	TRINITY_DN49869_c0_g1	-2.186933243257
"unknown"	unknown	5	TRINITY_DN500760_c0_g1	3.7035012826173
"unknown"	unknown	5	TRINITY_DN5034_c0_g1	2.74949120305162
"unknown"	unknown	5	TRINITY_DN504178_c0_g1	-2.16862247188783
"unknown"	unknown	5	TRINITY_DN505399_c0_g1	-1.86117699889895
"unknown"	unknown	5	TRINITY_DN5095_c0_g1	0.946689777721699
"unknown"	unknown	5	TRINITY_DN5140_c0_g2	-1.40810974301125
"unknown"	unknown	5	TRINITY_DN51488_c0_g2	1.38070449252941
"unknown"	unknown	5	TRINITY_DN5157_c0_g1	1.19293331469053
"unknown"	unknown	5	TRINITY_DN516321_c0_g1	-3.83885126364003
"unknown"	unknown	5	TRINITY_DN5183_c0_g1	2.52210384059161
"unknown"	unknown	5	TRINITY_DN5230_c0_g1	1.35516588919214
"unknown"	unknown	5	TRINITY_DN523_c1_g2	-4.05197576625637
"unknown"	unknown	5	TRINITY_DN5255_c0_g1	-2.55814201344806
"unknown"	unknown	5	TRINITY_DN52612_c0_g1	1.88310647200061
"unknown"	unknown	5	TRINITY_DN52694_c0_g1	1.5185467366964
"unknown"	unknown	5	TRINITY_DN527_c0_g1	0.636937094916744
"unknown"	unknown	5	TRINITY_DN5326_c0_g1	2.11567415399505
"unknown"	unknown	5	TRINITY_DN53542_c0_g1	-3.97082675486954
"unknown"	unknown	5	TRINITY_DN5375_c0_g1	2.1299116812809
"unknown"	unknown	5	TRINITY_DN5379_c0_g1	-3.74154195733145
"unknown"	unknown	5	TRINITY_DN53_c1_g1	1.65714794125799
"unknown"	unknown	5	TRINITY_DN542035_c0_g1	1.3226753033954
"unknown"	unknown	5	TRINITY_DN5427_c0_g2	1.45118248251046
"unknown"	unknown	5	TRINITY_DN5451_c1_g2	2.39433756375993
"unknown"	unknown	5	TRINITY_DN55042_c1_g1	-1.93280598755056
"unknown"	unknown	5	TRINITY_DN550609_c0_g1	4.02754714473787
"unknown"	unknown	5	TRINITY_DN55286_c0_g1	-2.25769716699698
"unknown"	unknown	5	TRINITY_DN56043_c0_g1	1.72122710613113
"unknown"	unknown	5	TRINITY_DN56238_c0_g1	1.43652749443659
"unknown"	unknown	5	TRINITY_DN5629_c0_g1	-1.49444455486454
"unknown"	unknown	5	TRINITY_DN5637_c0_g1	1.64833742972961
"unknown"	unknown	5	TRINITY_DN56473_c0_g1	1.1115717289361
"unknown"	unknown	5	TRINITY_DN570_c2_g2	1.18262710647463
"unknown"	unknown	5	TRINITY_DN571027_c0_g1	2.13250414281699
"unknown"	unknown	5	TRINITY_DN5726_c0_g1	-1.10938152840129
"unknown"	unknown	5	TRINITY_DN5732_c0_g1	-0.885250008215635
"unknown"	unknown	5	TRINITY_DN5741_c0_g1	-5.25667296914468
"unknown"	unknown	5	TRINITY_DN5745_c1_g1	-1.53732804348977
"unknown"	unknown	5	TRINITY_DN57543_c2_g1	2.39674100118434
"unknown"	unknown	5	TRINITY_DN577829_c0_g1	-2.41573275832484
"unknown"	unknown	5	TRINITY_DN57827_c1_g1	1.28520912082096
"unknown"	unknown	5	TRINITY_DN5784_c0_g1	-2.372174936452
"unknown"	unknown	5	TRINITY_DN579_c0_g1	-1.59929404122373
"unknown"	unknown	5	TRINITY_DN57_c0_g2	-1.7626075453593
"unknown"	unknown	5	TRINITY_DN580145_c0_g1	3.77231308708579
"unknown"	unknown	5	TRINITY_DN5822_c0_g1	-1.91688332404594
"unknown"	unknown	5	TRINITY_DN58254_c0_g2	-3.06693554225038
"unknown"	unknown	5	TRINITY_DN583726_c0_g1	1.80324434308473
"unknown"	unknown	5	TRINITY_DN5840_c0_g2	1.24936288102326
"unknown"	unknown	5	TRINITY_DN5851_c0_g2	-1.13686008524161
"unknown"	unknown	5	TRINITY_DN585813_c0_g1	1.86327253158866
"unknown"	unknown	5	TRINITY_DN586073_c0_g1	-4.25887107551149
"unknown"	unknown	5	TRINITY_DN58940_c0_g1	-5.9591974474276
"unknown"	unknown	5	TRINITY_DN591_c5_g1	-1.77728878352628
"unknown"	unknown	5	TRINITY_DN59359_c0_g1	1.07281688303648
"unknown"	unknown	5	TRINITY_DN594_c0_g2	2.01804437964294
"unknown"	unknown	5	TRINITY_DN5955_c0_g1	1.3484763116683
"unknown"	unknown	5	TRINITY_DN5978_c0_g1	1.14250534935654
"unknown"	unknown	5	TRINITY_DN598_c1_g1	1.07711158732812
"unknown"	unknown	5	TRINITY_DN5991_c1_g1	2.87959434491679
"unknown"	unknown	5	TRINITY_DN60153_c0_g1	-3.21678646537109
"unknown"	unknown	5	TRINITY_DN605720_c0_g1	2.16990631897256
"unknown"	unknown	5	TRINITY_DN6063_c1_g1	2.11495052789314
"unknown"	unknown	5	TRINITY_DN6097_c0_g1	1.54962072864387
"unknown"	unknown	5	TRINITY_DN6103_c3_g1	1.81316357173985
"unknown"	unknown	5	TRINITY_DN610_c0_g1	-3.98054202823379
"unknown"	unknown	5	TRINITY_DN61129_c1_g2	-3.13874745671625
"unknown"	unknown	5	TRINITY_DN6122_c0_g2	-0.978731942042349
"unknown"	unknown	5	TRINITY_DN6130_c0_g1	-2.5669267360534
"unknown"	unknown	5	TRINITY_DN6190_c0_g1	3.02748516600381
"unknown"	unknown	5	TRINITY_DN629_c3_g1	2.20342074009002
"unknown"	unknown	5	TRINITY_DN6312_c0_g1	0.964473162725629
"unknown"	unknown	5	TRINITY_DN6325_c0_g1	1.03180551942693
"unknown"	unknown	5	TRINITY_DN6326_c0_g1	2.15679371240762
"unknown"	unknown	5	TRINITY_DN6329_c0_g1	3.39649122896412
"unknown"	unknown	5	TRINITY_DN63524_c0_g1	-2.13288282652634
"unknown"	unknown	5	TRINITY_DN6363_c0_g1	1.35665393921206
"unknown"	unknown	5	TRINITY_DN6365_c0_g1	-4.13809518615471
"unknown"	unknown	5	TRINITY_DN6383_c0_g1	1.55239990906749
"unknown"	unknown	5	TRINITY_DN6405_c0_g1	1.12717704091987
"unknown"	unknown	5	TRINITY_DN64352_c0_g1	2.20557121922884
"unknown"	unknown	5	TRINITY_DN6453_c0_g1	-6.75624017692489
"unknown"	unknown	5	TRINITY_DN64776_c0_g1	2.5218967809016
"unknown"	unknown	5	TRINITY_DN6487_c0_g1	1.01298244542208
"unknown"	unknown	5	TRINITY_DN6488_c0_g1	-1.57216603032048
"unknown"	unknown	5	TRINITY_DN64972_c0_g1	-2.74628449805217
"unknown"	unknown	5	TRINITY_DN653_c0_g1	1.92219716375287
"unknown"	unknown	5	TRINITY_DN655_c0_g1	0.968301654891686
"unknown"	unknown	5	TRINITY_DN6567_c2_g1	1.15366431565787
"unknown"	unknown	5	TRINITY_DN6586_c0_g1	1.45988500903564
"unknown"	unknown	5	TRINITY_DN660_c1_g1	1.99309559434494
"unknown"	unknown	5	TRINITY_DN6669_c0_g1	1.09930686725564
"unknown"	unknown	5	TRINITY_DN666_c0_g1	-2.17887022169806
"unknown"	unknown	5	TRINITY_DN6731_c0_g1	-1.80414672785661
"unknown"	unknown	5	TRINITY_DN6811_c0_g1	-4.22858965337088
"unknown"	unknown	5	TRINITY_DN6821_c0_g1	1.43952932896935
"unknown"	unknown	5	TRINITY_DN69441_c0_g1	2.36001509822945
"unknown"	unknown	5	TRINITY_DN699_c0_g4	-3.17191471312114
"unknown"	unknown	5	TRINITY_DN69_c2_g1	3.23048559282471
"unknown"	unknown	5	TRINITY_DN7061_c0_g1	-1.11348962532473
"unknown"	unknown	5	TRINITY_DN706_c0_g1	-6.53776539045989
"unknown"	unknown	5	TRINITY_DN7090_c0_g1	-2.7850641935861
"unknown"	unknown	5	TRINITY_DN7093_c0_g1	1.88468669041537
"unknown"	unknown	5	TRINITY_DN70_c3_g1	1.62811021206011
"unknown"	unknown	5	TRINITY_DN71174_c0_g1	-2.90868002082497
"unknown"	unknown	5	TRINITY_DN7147_c0_g1	-3.89213079983757
"unknown"	unknown	5	TRINITY_DN7160_c1_g1	2.09294463188637
"unknown"	unknown	5	TRINITY_DN716_c0_g1	1.39268779748316
"unknown"	unknown	5	TRINITY_DN72185_c0_g1	-3.27040490041519
"unknown"	unknown	5	TRINITY_DN7325_c0_g1	4.27456726315259
"unknown"	unknown	5	TRINITY_DN7347_c3_g1	-1.77363375341497
"unknown"	unknown	5	TRINITY_DN7370_c0_g1	1.95845015906465
"unknown"	unknown	5	TRINITY_DN7382_c0_g1	0.924556271984117
"unknown"	unknown	5	TRINITY_DN7441_c0_g1	1.23614066550624
"unknown"	unknown	5	TRINITY_DN7454_c0_g1	1.59600344301771
"unknown"	unknown	5	TRINITY_DN7500_c0_g1	1.07803002718304
"unknown"	unknown	5	TRINITY_DN7530_c0_g1	-2.30243484845096
"unknown"	unknown	5	TRINITY_DN754_c0_g1	1.29152940722904
"unknown"	unknown	5	TRINITY_DN7646_c0_g1	3.15623453512567
"unknown"	unknown	5	TRINITY_DN77094_c0_g1	-5.48967238157409
"unknown"	unknown	5	TRINITY_DN77094_c0_g2	-2.22125697638292
"unknown"	unknown	5	TRINITY_DN7722_c0_g1	2.26901486272279
"unknown"	unknown	5	TRINITY_DN7724_c0_g1	3.31288729103466
"unknown"	unknown	5	TRINITY_DN7743_c0_g2	2.17183876079128
"unknown"	unknown	5	TRINITY_DN7744_c0_g1	2.84943272209822
"unknown"	unknown	5	TRINITY_DN7753_c0_g1	2.22033413646798
"unknown"	unknown	5	TRINITY_DN78109_c0_g1	1.91066091886035
"unknown"	unknown	5	TRINITY_DN7826_c0_g2	1.94387559111918
"unknown"	unknown	5	TRINITY_DN7829_c0_g1	0.858680394971729
"unknown"	unknown	5	TRINITY_DN7844_c0_g2	1.96215263438694
"unknown"	unknown	5	TRINITY_DN7852_c0_g1	1.88218436347745
"unknown"	unknown	5	TRINITY_DN78532_c0_g1	1.97750135430596
"unknown"	unknown	5	TRINITY_DN7890_c1_g1	-1.50385098787013
"unknown"	unknown	5	TRINITY_DN79044_c0_g1	3.13396554836987
"unknown"	unknown	5	TRINITY_DN7906_c0_g1	-1.12621402848034
"unknown"	unknown	5	TRINITY_DN79752_c0_g1	-2.43733038078033
"unknown"	unknown	5	TRINITY_DN805_c0_g1	-2.03073695171693
"unknown"	unknown	5	TRINITY_DN807_c2_g1	1.98978552044065
"unknown"	unknown	5	TRINITY_DN8100_c0_g1	-2.51524649198239
"unknown"	unknown	5	TRINITY_DN816_c0_g1	-3.00568065158317
"unknown"	unknown	5	TRINITY_DN817_c0_g2	1.06090657933242
"unknown"	unknown	5	TRINITY_DN8200_c0_g2	-3.7069609452701
"unknown"	unknown	5	TRINITY_DN8249_c0_g1	1.08065043378853
"unknown"	unknown	5	TRINITY_DN828_c3_g1	-1.38924773653711
"unknown"	unknown	5	TRINITY_DN83175_c0_g1	3.25862647734617
"unknown"	unknown	5	TRINITY_DN8421_c0_g1	1.33767809344775
"unknown"	unknown	5	TRINITY_DN8449_c0_g1	1.0965471937111
"unknown"	unknown	5	TRINITY_DN8472_c0_g2	-1.92419743054278
"unknown"	unknown	5	TRINITY_DN8495_c0_g1	2.12297759730078
"unknown"	unknown	5	TRINITY_DN8631_c0_g1	1.8588109359231
"unknown"	unknown	5	TRINITY_DN863_c1_g1	1.67307201022498
"unknown"	unknown	5	TRINITY_DN863_c3_g1	-1.04934475503229
"unknown"	unknown	5	TRINITY_DN8642_c0_g1	-2.25217337877574
"unknown"	unknown	5	TRINITY_DN86754_c0_g1	1.33063604021725
"unknown"	unknown	5	TRINITY_DN8715_c0_g1	-4.48199720340097
"unknown"	unknown	5	TRINITY_DN87229_c0_g5	-2.31106206660685
"unknown"	unknown	5	TRINITY_DN87712_c0_g2	-2.28980471621062
"unknown"	unknown	5	TRINITY_DN8774_c0_g1	-1.19316289945138
"unknown"	unknown	5	TRINITY_DN877_c0_g1	-1.4326597370038
"unknown"	unknown	5	TRINITY_DN8786_c0_g1	2.03079706775446
"unknown"	unknown	5	TRINITY_DN8799_c0_g1	1.37914924336815
"unknown"	unknown	5	TRINITY_DN8828_c0_g2	2.04500504794875
"unknown"	unknown	5	TRINITY_DN8885_c1_g1	2.9992300367675
"unknown"	unknown	5	TRINITY_DN8891_c0_g1	-2.18853747632246
"unknown"	unknown	5	TRINITY_DN893_c0_g2	-2.40300480744023
"unknown"	unknown	5	TRINITY_DN89436_c0_g2	1.30486294010136
"unknown"	unknown	5	TRINITY_DN89535_c0_g1	1.20893943060544
"unknown"	unknown	5	TRINITY_DN8976_c0_g2	2.24428948211278
"unknown"	unknown	5	TRINITY_DN9051_c0_g2	0.778576251809397
"unknown"	unknown	5	TRINITY_DN9124_c0_g2	-0.96118898650958
"unknown"	unknown	5	TRINITY_DN91948_c0_g1	1.13719077145864
"unknown"	unknown	5	TRINITY_DN92122_c0_g2	-0.976027602153433
"unknown"	unknown	5	TRINITY_DN9279_c0_g1	1.09799231630514
"unknown"	unknown	5	TRINITY_DN9338_c0_g1	1.51042309765625
"unknown"	unknown	5	TRINITY_DN94055_c0_g1	-2.03659117691053
"unknown"	unknown	5	TRINITY_DN9452_c0_g1	-6.10824256804922
"unknown"	unknown	5	TRINITY_DN94719_c0_g2	1.54867433172246
"unknown"	unknown	5	TRINITY_DN9506_c0_g1	-1.79336195326148
"unknown"	unknown	5	TRINITY_DN95162_c0_g1	3.14052388490702
"unknown"	unknown	5	TRINITY_DN95279_c0_g2	-1.88082808430006
"unknown"	unknown	5	TRINITY_DN9552_c0_g1	-1.12990925118395
"unknown"	unknown	5	TRINITY_DN9589_c0_g1	1.21967420250796
"unknown"	unknown	5	TRINITY_DN9608_c0_g1	-1.18627669445282
"unknown"	unknown	5	TRINITY_DN961_c0_g1	2.53733772860709
"unknown"	unknown	5	TRINITY_DN96245_c3_g2	-1.46647839997527
"unknown"	unknown	5	TRINITY_DN9643_c0_g1	1.28920482079265
"unknown"	unknown	5	TRINITY_DN9652_c0_g1	1.27871289002556
"unknown"	unknown	5	TRINITY_DN96_c0_g3	2.91650615959068
"unknown"	unknown	5	TRINITY_DN97661_c0_g1	-2.78445436402013
"unknown"	unknown	5	TRINITY_DN9799_c0_g1	1.04414633332046
"unknown"	unknown	5	TRINITY_DN9806_c0_g2	2.07632876541477
"unknown"	unknown	5	TRINITY_DN98291_c0_g2	-3.09559936745047
"unknown"	unknown	5	TRINITY_DN9846_c0_g1	-2.44086500964294
"unknown"	unknown	5	TRINITY_DN9878_c0_g1	1.76599555644691
"unknown"	unknown	5	TRINITY_DN9965_c0_g1	1.4463988021642
"unknown"	unknown	5	TRINITY_DN9986_c1_g1	2.22345207113888
"unknown"	unknown	5	TRINITY_DN9998_c0_g1	5.84521695401995
"sperm axoneme assembly"	GO:0007288;GO:0022412;GO:0035082;GO:0001578	5	TRINITY_DN12391_c0_g1	1.36271627127202
"cilium movement"	GO:0003341;GO:0007018	2	TRINITY_DN1449_c4_g1	1.92414595112675
"regulation of multicellular organismal process"	GO:0001817;GO:0051239	3	TRINITY_DN6842_c0_g1	1.07394341116996
"transport"	GO:0006810;GO:0051234;GO:0051179	2	TRINITY_DN2842_c3_g1	-3.31223070199969
"negative regulation of biological process"	GO:0048519	3	TRINITY_DN11950_c0_g1	5.0291711878093
"negative regulation of biological process"	GO:0048519	3	TRINITY_DN15554_c0_g1	2.72221557319683
"negative regulation of biological process"	GO:0048519	3	TRINITY_DN34708_c2_g1	5.02676541973598
"multicellular organism development"	GO:0007275;GO:0048856	2	TRINITY_DN3612_c0_g1	0.957449485042334
"cellular developmental process"	GO:0048869	2	TRINITY_DN5535_c0_g1	1.9132609734197
"cellular developmental process"	GO:0048869	2	TRINITY_DN5810_c0_g2	0.785179560797123
"response to stimulus"	GO:0050896	1	TRINITY_DN11342_c0_g1	2.36451729532553
"response to stimulus"	GO:0050896	1	TRINITY_DN59366_c0_g1	0.979284364944989
"anatomical structure formation involved in morphogenesis"	GO:0048646	2	TRINITY_DN146827_c2_g1	1.06958063288013
"anatomical structure formation involved in morphogenesis"	GO:0048646	2	TRINITY_DN3824_c0_g1	1.57461059686028
"regulation of protein serine/threonine kinase activity"	GO:0000079;GO:0071900;GO:1904029;GO:0045859;GO:0043549;GO:0051338;GO:0065009;GO:0050790;GO:0051726	7	TRINITY_DN138978_c0_g2	1.62635949441292
"cell surface receptor signaling pathway"	GO:0007224;GO:0007166	3	TRINITY_DN2030_c0_g3	1.65138375954583
"nucleic acid metabolic process"	GO:0015074;GO:0006259;GO:0090304;GO:0006139;GO:0006725;GO:0034641;GO:0046483;GO:1901360;GO:0006807	3	TRINITY_DN10644_c0_g1	2.22497954432229
"nucleic acid metabolic process"	GO:0015074;GO:0006259;GO:0090304;GO:0006139;GO:0006725;GO:0034641;GO:0046483;GO:1901360;GO:0006807	3	TRINITY_DN16284_c0_g1	-2.17480103922209
"nucleic acid metabolic process"	GO:0015074;GO:0006259;GO:0090304;GO:0006139;GO:0006725;GO:0034641;GO:0046483;GO:1901360;GO:0006807	3	TRINITY_DN334870_c0_g1	-3.19426334996711
"nucleic acid metabolic process"	GO:0015074;GO:0006259;GO:0090304;GO:0006139;GO:0006725;GO:0034641;GO:0046483;GO:1901360;GO:0006807	3	TRINITY_DN23828_c0_g1	-2.183156298896
"microtubule cytoskeleton organization"	GO:0000226;GO:0007010;GO:0006996	4	TRINITY_DN12391_c0_g1	1.36271627127202
"microtubule cytoskeleton organization"	GO:0000226;GO:0007010;GO:0006996	4	TRINITY_DN3977_c0_g1	2.21548481706954
"biological_process"	GO:0008150	0	TRINITY_DN10080_c0_g1	-1.15159340852166
"biological_process"	GO:0008150	0	TRINITY_DN10644_c0_g1	2.22497954432229
"biological_process"	GO:0008150	0	TRINITY_DN11039_c0_g1	2.31173350185617
"biological_process"	GO:0008150	0	TRINITY_DN11147_c0_g1	-1.17007803365373
"biological_process"	GO:0008150	0	TRINITY_DN11227_c0_g1	-1.02481507137804
"biological_process"	GO:0008150	0	TRINITY_DN11342_c0_g1	2.36451729532553
"biological_process"	GO:0008150	0	TRINITY_DN11725_c0_g1	0.993547859918169
"biological_process"	GO:0008150	0	TRINITY_DN11760_c0_g1	2.85837475346755
"biological_process"	GO:0008150	0	TRINITY_DN11950_c0_g1	5.0291711878093
"biological_process"	GO:0008150	0	TRINITY_DN1209_c0_g1	-1.53766556104633
"biological_process"	GO:0008150	0	TRINITY_DN1218_c0_g1	-1.83246247255104
"biological_process"	GO:0008150	0	TRINITY_DN12391_c0_g1	1.36271627127202
"biological_process"	GO:0008150	0	TRINITY_DN12417_c0_g1	2.65024766650181
"biological_process"	GO:0008150	0	TRINITY_DN138978_c0_g2	1.62635949441292
"biological_process"	GO:0008150	0	TRINITY_DN13996_c0_g1	1.89512333323855
"biological_process"	GO:0008150	0	TRINITY_DN1449_c4_g1	1.92414595112675
"biological_process"	GO:0008150	0	TRINITY_DN1463_c1_g1	1.36446674112009
"biological_process"	GO:0008150	0	TRINITY_DN146827_c2_g1	1.06958063288013
"biological_process"	GO:0008150	0	TRINITY_DN15554_c0_g1	2.72221557319683
"biological_process"	GO:0008150	0	TRINITY_DN16284_c0_g1	-2.17480103922209
"biological_process"	GO:0008150	0	TRINITY_DN16902_c0_g1	-1.62236998296655
"biological_process"	GO:0008150	0	TRINITY_DN17281_c0_g1	2.1472986185343
"biological_process"	GO:0008150	0	TRINITY_DN17286_c0_g1	2.06546954809801
"biological_process"	GO:0008150	0	TRINITY_DN17783_c0_g1	1.09388492548563
"biological_process"	GO:0008150	0	TRINITY_DN18035_c3_g1	-2.0441324241014
"biological_process"	GO:0008150	0	TRINITY_DN18941_c0_g2	1.9709497951885
"biological_process"	GO:0008150	0	TRINITY_DN194067_c0_g1	2.45778868017528
"biological_process"	GO:0008150	0	TRINITY_DN19508_c0_g1	-2.46221063413086
"biological_process"	GO:0008150	0	TRINITY_DN20249_c0_g1	2.62458047873355
"biological_process"	GO:0008150	0	TRINITY_DN2030_c0_g3	1.65138375954583
"biological_process"	GO:0008150	0	TRINITY_DN20525_c0_g1	-1.41369425634879
"biological_process"	GO:0008150	0	TRINITY_DN214_c0_g1	1.63248211761946
"biological_process"	GO:0008150	0	TRINITY_DN2175_c0_g1	0.864187967017124
"biological_process"	GO:0008150	0	TRINITY_DN23151_c0_g2	1.17971966942575
"biological_process"	GO:0008150	0	TRINITY_DN23615_c0_g1	1.83193858911321
"biological_process"	GO:0008150	0	TRINITY_DN23793_c1_g2	1.91922605248639
"biological_process"	GO:0008150	0	TRINITY_DN23828_c0_g1	-2.183156298896
"biological_process"	GO:0008150	0	TRINITY_DN23887_c0_g1	-1.2129860356771
"biological_process"	GO:0008150	0	TRINITY_DN25501_c0_g1	1.24803540422503
"biological_process"	GO:0008150	0	TRINITY_DN26421_c0_g1	-2.28236785082393
"biological_process"	GO:0008150	0	TRINITY_DN26749_c0_g1	2.86165527699077
"biological_process"	GO:0008150	0	TRINITY_DN2842_c3_g1	-3.31223070199969
"biological_process"	GO:0008150	0	TRINITY_DN29947_c0_g1	-3.43445099414885
"biological_process"	GO:0008150	0	TRINITY_DN30237_c0_g1	-2.07526420386186
"biological_process"	GO:0008150	0	TRINITY_DN31717_c1_g1	1.55975837734549
"biological_process"	GO:0008150	0	TRINITY_DN334870_c0_g1	-3.19426334996711
"biological_process"	GO:0008150	0	TRINITY_DN3398_c0_g1	-1.04161060973206
"biological_process"	GO:0008150	0	TRINITY_DN34708_c2_g1	5.02676541973598
"biological_process"	GO:0008150	0	TRINITY_DN3612_c0_g1	0.957449485042334
"biological_process"	GO:0008150	0	TRINITY_DN3793_c1_g1	1.77395175442366
"biological_process"	GO:0008150	0	TRINITY_DN380_c0_g1	2.3503622841353
"biological_process"	GO:0008150	0	TRINITY_DN3824_c0_g1	1.57461059686028
"biological_process"	GO:0008150	0	TRINITY_DN396_c0_g1	-2.10200966114974
"biological_process"	GO:0008150	0	TRINITY_DN3977_c0_g1	2.21548481706954
"biological_process"	GO:0008150	0	TRINITY_DN41631_c0_g1	-3.19263662086775
"biological_process"	GO:0008150	0	TRINITY_DN44443_c1_g1	-6.50091817032553
"biological_process"	GO:0008150	0	TRINITY_DN4648_c0_g1	1.15571431260988
"biological_process"	GO:0008150	0	TRINITY_DN4708_c0_g1	-2.14682851337029
"biological_process"	GO:0008150	0	TRINITY_DN5225_c0_g1	1.13169565676309
"biological_process"	GO:0008150	0	TRINITY_DN5535_c0_g1	1.9132609734197
"biological_process"	GO:0008150	0	TRINITY_DN5810_c0_g2	0.785179560797123
"biological_process"	GO:0008150	0	TRINITY_DN58_c4_g1	-0.834894527842397
"biological_process"	GO:0008150	0	TRINITY_DN59366_c0_g1	0.979284364944989
"biological_process"	GO:0008150	0	TRINITY_DN63325_c0_g1	-4.01301429781729
"biological_process"	GO:0008150	0	TRINITY_DN64227_c0_g1	1.76243503450729
"biological_process"	GO:0008150	0	TRINITY_DN674_c0_g1	4.17380493473036
"biological_process"	GO:0008150	0	TRINITY_DN6785_c0_g1	2.00241037653152
"biological_process"	GO:0008150	0	TRINITY_DN6842_c0_g1	1.07394341116996
"biological_process"	GO:0008150	0	TRINITY_DN6877_c0_g1	1.3110367341714
"biological_process"	GO:0008150	0	TRINITY_DN7298_c0_g1	2.52010071393846
"biological_process"	GO:0008150	0	TRINITY_DN76808_c0_g1	1.39953287375633
"biological_process"	GO:0008150	0	TRINITY_DN77151_c0_g1	-2.75971038750784
"biological_process"	GO:0008150	0	TRINITY_DN7893_c0_g1	0.684599673888949
"biological_process"	GO:0008150	0	TRINITY_DN8172_c0_g1	1.24491692384472
"biological_process"	GO:0008150	0	TRINITY_DN8242_c0_g1	1.59603794818379
"biological_process"	GO:0008150	0	TRINITY_DN886_c0_g1	1.24322073738318
"biological_process"	GO:0008150	0	TRINITY_DN9274_c0_g1	-1.47329988493803
"biological_process"	GO:0008150	0	TRINITY_DN984_c0_g2	1.44208800429605
"regulation of transcription by RNA polymerase II"	GO:0000122;GO:0006357;GO:0045892;GO:0006355;GO:1903506;GO:2000112;GO:2001141;GO:0010556;GO:0031326;GO:0009889;GO:0051252;GO:0019219;GO:0010629;GO:1903507;GO:2000113;GO:0010605;GO:1902679;GO:0010558;GO:0031327;GO:0051253;GO:0009890;GO:0031324;GO:0045934;GO:0009892;GO:0048523;GO:0051172	6	TRINITY_DN15554_c0_g1	2.72221557319683
"regulation of cellular component organization"	GO:0051128	2	TRINITY_DN19508_c0_g1	-2.46221063413086
"regulation of cellular component organization"	GO:0051128	2	TRINITY_DN20249_c0_g1	2.62458047873355
"regulation of cellular component organization"	GO:0051128	2	TRINITY_DN380_c0_g1	2.3503622841353
"system process"	GO:0003008	2	TRINITY_DN31717_c1_g1	1.55975837734549
"system process"	GO:0003008	2	TRINITY_DN886_c0_g1	1.24322073738318
"regulation of biological quality"	GO:0065008	2	TRINITY_DN11039_c0_g1	2.31173350185617
"regulation of biological quality"	GO:0065008	2	TRINITY_DN194067_c0_g1	2.45778868017528
"regulation of biological quality"	GO:0065008	2	TRINITY_DN20525_c0_g1	-1.41369425634879
"regulation of biological quality"	GO:0065008	2	TRINITY_DN29947_c0_g1	-3.43445099414885
"regulation of biological quality"	GO:0065008	2	TRINITY_DN4648_c0_g1	1.15571431260988
"mitochondrial respiratory chain complex assembly"	GO:0032981;GO:0010257;GO:0033108	4	TRINITY_DN30237_c0_g1	-2.07526420386186
"negative regulation of circadian rhythm"	GO:0042754;GO:0042752	2	TRINITY_DN11950_c0_g1	5.0291711878093
"negative regulation of circadian rhythm"	GO:0042754;GO:0042752	2	TRINITY_DN34708_c2_g1	5.02676541973598
"syncytium formation by plasma membrane fusion"	GO:0000768;GO:0006949;GO:0140253	3	TRINITY_DN146827_c2_g1	1.06958063288013
"developmental process"	GO:0032502	1	TRINITY_DN1218_c0_g1	-1.83246247255104
"developmental process"	GO:0032502	1	TRINITY_DN12391_c0_g1	1.36271627127202
"developmental process"	GO:0032502	1	TRINITY_DN146827_c2_g1	1.06958063288013
"developmental process"	GO:0032502	1	TRINITY_DN23151_c0_g2	1.17971966942575
"developmental process"	GO:0032502	1	TRINITY_DN23793_c1_g2	1.91922605248639
"developmental process"	GO:0032502	1	TRINITY_DN3612_c0_g1	0.957449485042334
"developmental process"	GO:0032502	1	TRINITY_DN3824_c0_g1	1.57461059686028
"developmental process"	GO:0032502	1	TRINITY_DN5225_c0_g1	1.13169565676309
"developmental process"	GO:0032502	1	TRINITY_DN5535_c0_g1	1.9132609734197
"developmental process"	GO:0032502	1	TRINITY_DN5810_c0_g2	0.785179560797123
"developmental process"	GO:0032502	1	TRINITY_DN7893_c0_g1	0.684599673888949
"regulation of growth"	GO:0001558;GO:0040008	3	TRINITY_DN19508_c0_g1	-2.46221063413086
"regulation of growth"	GO:0001558;GO:0040008	3	TRINITY_DN380_c0_g1	2.3503622841353
"transcription, DNA-templated"	GO:0006360;GO:0006351;GO:0034645;GO:0097659;GO:0009059;GO:0044249;GO:0032774;GO:1901576;GO:0009058;GO:0016070;GO:0034654;GO:0018130;GO:0019438;GO:0044271;GO:1901362	4	TRINITY_DN23828_c0_g1	-2.183156298896
"cell cycle phase transition"	GO:0000082;GO:0044772;GO:0044843;GO:0044770;GO:1903047;GO:0022402	3	TRINITY_DN13996_c0_g1	1.89512333323855
"cellularization"	GO:0007291;GO:0007349	3	TRINITY_DN3824_c0_g1	1.57461059686028
"tissue homeostasis"	GO:0001894;GO:0060249;GO:0042592	5	TRINITY_DN11039_c0_g1	2.31173350185617
"cellular metabolic process"	GO:0044237;GO:0044238;GO:0071704;GO:0008152;GO:0044260;GO:0043170	2	TRINITY_DN10080_c0_g1	-1.15159340852166
"cellular metabolic process"	GO:0044237;GO:0044238;GO:0071704;GO:0008152;GO:0044260;GO:0043170	2	TRINITY_DN10644_c0_g1	2.22497954432229
"cellular metabolic process"	GO:0044237;GO:0044238;GO:0071704;GO:0008152;GO:0044260;GO:0043170	2	TRINITY_DN16284_c0_g1	-2.17480103922209
"cellular metabolic process"	GO:0044237;GO:0044238;GO:0071704;GO:0008152;GO:0044260;GO:0043170	2	TRINITY_DN23828_c0_g1	-2.183156298896
"cellular metabolic process"	GO:0044237;GO:0044238;GO:0071704;GO:0008152;GO:0044260;GO:0043170	2	TRINITY_DN334870_c0_g1	-3.19426334996711
"cellular metabolic process"	GO:0044237;GO:0044238;GO:0071704;GO:0008152;GO:0044260;GO:0043170	2	TRINITY_DN674_c0_g1	4.17380493473036
"reproduction"	GO:0000003	1	TRINITY_DN11147_c0_g1	-1.17007803365373
"reproduction"	GO:0000003	1	TRINITY_DN11725_c0_g1	0.993547859918169
"reproduction"	GO:0000003	1	TRINITY_DN12417_c0_g1	2.65024766650181
"reproduction"	GO:0000003	1	TRINITY_DN1463_c1_g1	1.36446674112009
"reproduction"	GO:0000003	1	TRINITY_DN17281_c0_g1	2.1472986185343
"reproduction"	GO:0000003	1	TRINITY_DN17783_c0_g1	1.09388492548563
"reproduction"	GO:0000003	1	TRINITY_DN23615_c0_g1	1.83193858911321
"reproduction"	GO:0000003	1	TRINITY_DN25501_c0_g1	1.24803540422503
"reproduction"	GO:0000003	1	TRINITY_DN26421_c0_g1	-2.28236785082393
"reproduction"	GO:0000003	1	TRINITY_DN26749_c0_g1	2.86165527699077
"reproduction"	GO:0000003	1	TRINITY_DN3398_c0_g1	-1.04161060973206
"reproduction"	GO:0000003	1	TRINITY_DN3793_c1_g1	1.77395175442366
"reproduction"	GO:0000003	1	TRINITY_DN4708_c0_g1	-2.14682851337029
"reproduction"	GO:0000003	1	TRINITY_DN58_c4_g1	-0.834894527842397
"reproduction"	GO:0000003	1	TRINITY_DN63325_c0_g1	-4.01301429781729
"reproduction"	GO:0000003	1	TRINITY_DN64227_c0_g1	1.76243503450729
"reproduction"	GO:0000003	1	TRINITY_DN6785_c0_g1	2.00241037653152
"reproduction"	GO:0000003	1	TRINITY_DN6877_c0_g1	1.3110367341714
"reproduction"	GO:0000003	1	TRINITY_DN7298_c0_g1	2.52010071393846
"reproduction"	GO:0000003	1	TRINITY_DN76808_c0_g1	1.39953287375633
"reproduction"	GO:0000003	1	TRINITY_DN77151_c0_g1	-2.75971038750784
"reproduction"	GO:0000003	1	TRINITY_DN8172_c0_g1	1.24491692384472
"reproduction"	GO:0000003	1	TRINITY_DN9274_c0_g1	-1.47329988493803
"reproduction"	GO:0000003	1	TRINITY_DN984_c0_g2	1.44208800429605
"microtubule-based process"	GO:0007017	2	TRINITY_DN12391_c0_g1	1.36271627127202
"microtubule-based process"	GO:0007017	2	TRINITY_DN1449_c4_g1	1.92414595112675
"microtubule-based process"	GO:0007017	2	TRINITY_DN3977_c0_g1	2.21548481706954
"anatomical structure morphogenesis"	GO:0000902;GO:0009653	2	TRINITY_DN1218_c0_g1	-1.83246247255104
"anatomical structure morphogenesis"	GO:0000902;GO:0009653	2	TRINITY_DN23151_c0_g2	1.17971966942575
"anatomical structure morphogenesis"	GO:0000902;GO:0009653	2	TRINITY_DN5225_c0_g1	1.13169565676309
"anatomical structure morphogenesis"	GO:0000902;GO:0009653	2	TRINITY_DN7893_c0_g1	0.684599673888949
"anatomical structure morphogenesis"	GO:0000902;GO:0009653	2	TRINITY_DN23793_c1_g2	1.91922605248639
"cell fate determination"	GO:0001709	2	TRINITY_DN5810_c0_g2	0.785179560797123
"protein homooligomerization"	GO:0051260;GO:0051259	3	TRINITY_DN396_c0_g1	-2.10200966114974
"regulation of macromolecule metabolic process"	GO:0031323;GO:0019222;GO:0051171;GO:0060255;GO:0080090	4	TRINITY_DN138978_c0_g2	1.62635949441292
"regulation of macromolecule metabolic process"	GO:0031323;GO:0019222;GO:0051171;GO:0060255;GO:0080090	4	TRINITY_DN15554_c0_g1	2.72221557319683
"regulation of macromolecule metabolic process"	GO:0031323;GO:0019222;GO:0051171;GO:0060255;GO:0080090	4	TRINITY_DN2175_c0_g1	0.864187967017124
"regulation of macromolecule metabolic process"	GO:0031323;GO:0019222;GO:0051171;GO:0060255;GO:0080090	4	TRINITY_DN23887_c0_g1	-1.2129860356771
"regulation of macromolecule metabolic process"	GO:0031323;GO:0019222;GO:0051171;GO:0060255;GO:0080090	4	TRINITY_DN44443_c1_g1	-6.50091817032553
"regulation of macromolecule metabolic process"	GO:0031323;GO:0019222;GO:0051171;GO:0060255;GO:0080090	4	TRINITY_DN6842_c0_g1	1.07394341116996
"cellular component organization"	GO:0022607;GO:0016043;GO:0071840	2	TRINITY_DN12391_c0_g1	1.36271627127202
"cellular component organization"	GO:0022607;GO:0016043;GO:0071840	2	TRINITY_DN30237_c0_g1	-2.07526420386186
"cellular component organization"	GO:0022607;GO:0016043;GO:0071840	2	TRINITY_DN396_c0_g1	-2.10200966114974
"cellular component organization"	GO:0022607;GO:0016043;GO:0071840	2	TRINITY_DN41631_c0_g1	-3.19263662086775
"cellular component organization"	GO:0022607;GO:0016043;GO:0071840	2	TRINITY_DN3977_c0_g1	2.21548481706954
"biological regulation"	GO:0065007	1	TRINITY_DN11039_c0_g1	2.31173350185617
"biological regulation"	GO:0065007	1	TRINITY_DN11950_c0_g1	5.0291711878093
"biological regulation"	GO:0065007	1	TRINITY_DN1209_c0_g1	-1.53766556104633
"biological regulation"	GO:0065007	1	TRINITY_DN138978_c0_g2	1.62635949441292
"biological regulation"	GO:0065007	1	TRINITY_DN15554_c0_g1	2.72221557319683
"biological regulation"	GO:0065007	1	TRINITY_DN16902_c0_g1	-1.62236998296655
"biological regulation"	GO:0065007	1	TRINITY_DN17286_c0_g1	2.06546954809801
"biological regulation"	GO:0065007	1	TRINITY_DN18035_c3_g1	-2.0441324241014
"biological regulation"	GO:0065007	1	TRINITY_DN18941_c0_g2	1.9709497951885
"biological regulation"	GO:0065007	1	TRINITY_DN194067_c0_g1	2.45778868017528
"biological regulation"	GO:0065007	1	TRINITY_DN19508_c0_g1	-2.46221063413086
"biological regulation"	GO:0065007	1	TRINITY_DN20249_c0_g1	2.62458047873355
"biological regulation"	GO:0065007	1	TRINITY_DN2030_c0_g3	1.65138375954583
"biological regulation"	GO:0065007	1	TRINITY_DN20525_c0_g1	-1.41369425634879
"biological regulation"	GO:0065007	1	TRINITY_DN214_c0_g1	1.63248211761946
"biological regulation"	GO:0065007	1	TRINITY_DN2175_c0_g1	0.864187967017124
"biological regulation"	GO:0065007	1	TRINITY_DN23887_c0_g1	-1.2129860356771
"biological regulation"	GO:0065007	1	TRINITY_DN29947_c0_g1	-3.43445099414885
"biological regulation"	GO:0065007	1	TRINITY_DN34708_c2_g1	5.02676541973598
"biological regulation"	GO:0065007	1	TRINITY_DN380_c0_g1	2.3503622841353
"biological regulation"	GO:0065007	1	TRINITY_DN44443_c1_g1	-6.50091817032553
"biological regulation"	GO:0065007	1	TRINITY_DN4648_c0_g1	1.15571431260988
"biological regulation"	GO:0065007	1	TRINITY_DN6842_c0_g1	1.07394341116996
"biological regulation"	GO:0065007	1	TRINITY_DN8242_c0_g1	1.59603794818379
"movement of cell or subcellular component"	GO:0006928	2	TRINITY_DN11227_c0_g1	-1.02481507137804
"movement of cell or subcellular component"	GO:0006928	2	TRINITY_DN11760_c0_g1	2.85837475346755
"movement of cell or subcellular component"	GO:0006928	2	TRINITY_DN1449_c4_g1	1.92414595112675
"action potential"	GO:0001508;GO:0042391	4	TRINITY_DN194067_c0_g1	2.45778868017528
"regulation of neurotransmitter levels"	GO:0001505	2	TRINITY_DN20525_c0_g1	-1.41369425634879
"regulation of neurotransmitter levels"	GO:0001505	2	TRINITY_DN29947_c0_g1	-3.43445099414885
"regulation of neurotransmitter levels"	GO:0001505	2	TRINITY_DN4648_c0_g1	1.15571431260988
"cellular protein-containing complex assembly"	GO:0034622	2	TRINITY_DN30237_c0_g1	-2.07526420386186
"cellular protein-containing complex assembly"	GO:0034622	2	TRINITY_DN41631_c0_g1	-3.19263662086775
"modulation by symbiont of host process"	GO:0039648;GO:0019054;GO:0031396;GO:0019048;GO:0044068;GO:0016032;GO:0044003;GO:0044403;GO:0051701;GO:0051817;GO:0035821;GO:0044419;GO:1903320	4	TRINITY_DN44443_c1_g1	-6.50091817032553
"regulation of gene expression"	GO:0010468	2	TRINITY_DN15554_c0_g1	2.72221557319683
"regulation of gene expression"	GO:0010468	2	TRINITY_DN6842_c0_g1	1.07394341116996
"response to decreased oxygen levels"	GO:0001666;GO:0006950;GO:0036293;GO:0070482;GO:0009628	4	TRINITY_DN11342_c0_g1	2.36451729532553
"regulation of programmed cell death"	GO:0042981;GO:0043067;GO:0010941	3	TRINITY_DN1209_c0_g1	-1.53766556104633
"developmental process involved in reproduction"	GO:0003006;GO:0022414	2	TRINITY_DN12391_c0_g1	1.36271627127202
"developmental process involved in reproduction"	GO:0003006;GO:0022414	2	TRINITY_DN3824_c0_g1	1.57461059686028
"response to acid chemical"	GO:0001101;GO:0042221	3	TRINITY_DN59366_c0_g1	0.979284364944989
"cellular process"	GO:0009987	1	TRINITY_DN10080_c0_g1	-1.15159340852166
"cellular process"	GO:0009987	1	TRINITY_DN10644_c0_g1	2.22497954432229
"cellular process"	GO:0009987	1	TRINITY_DN11227_c0_g1	-1.02481507137804
"cellular process"	GO:0009987	1	TRINITY_DN11760_c0_g1	2.85837475346755
"cellular process"	GO:0009987	1	TRINITY_DN12391_c0_g1	1.36271627127202
"cellular process"	GO:0009987	1	TRINITY_DN13996_c0_g1	1.89512333323855
"cellular process"	GO:0009987	1	TRINITY_DN1449_c4_g1	1.92414595112675
"cellular process"	GO:0009987	1	TRINITY_DN146827_c2_g1	1.06958063288013
"cellular process"	GO:0009987	1	TRINITY_DN16284_c0_g1	-2.17480103922209
"cellular process"	GO:0009987	1	TRINITY_DN16902_c0_g1	-1.62236998296655
"cellular process"	GO:0009987	1	TRINITY_DN17286_c0_g1	2.06546954809801
"cellular process"	GO:0009987	1	TRINITY_DN18035_c3_g1	-2.0441324241014
"cellular process"	GO:0009987	1	TRINITY_DN18941_c0_g2	1.9709497951885
"cellular process"	GO:0009987	1	TRINITY_DN2030_c0_g3	1.65138375954583
"cellular process"	GO:0009987	1	TRINITY_DN214_c0_g1	1.63248211761946
"cellular process"	GO:0009987	1	TRINITY_DN23828_c0_g1	-2.183156298896
"cellular process"	GO:0009987	1	TRINITY_DN30237_c0_g1	-2.07526420386186
"cellular process"	GO:0009987	1	TRINITY_DN334870_c0_g1	-3.19426334996711
"cellular process"	GO:0009987	1	TRINITY_DN396_c0_g1	-2.10200966114974
"cellular process"	GO:0009987	1	TRINITY_DN3977_c0_g1	2.21548481706954
"cellular process"	GO:0009987	1	TRINITY_DN41631_c0_g1	-3.19263662086775
"cellular process"	GO:0009987	1	TRINITY_DN5535_c0_g1	1.9132609734197
"cellular process"	GO:0009987	1	TRINITY_DN5810_c0_g2	0.785179560797123
"cellular process"	GO:0009987	1	TRINITY_DN674_c0_g1	4.17380493473036
"cellular process"	GO:0009987	1	TRINITY_DN8242_c0_g1	1.59603794818379
"glycogen metabolic process"	GO:0005977;GO:0006073;GO:0006112;GO:0044042;GO:0044264;GO:0015980;GO:0005976;GO:0044262;GO:0006091;GO:0005975	5	TRINITY_DN674_c0_g1	4.17380493473036
"multicellular organismal process"	GO:0032501	1	TRINITY_DN31717_c1_g1	1.55975837734549
"multicellular organismal process"	GO:0032501	1	TRINITY_DN3612_c0_g1	0.957449485042334
"multicellular organismal process"	GO:0032501	1	TRINITY_DN886_c0_g1	1.24322073738318
