ColonyID,treatment,genotype,tank.num,ExperimentalDay,Period,Photo_date,Photo_ID,Red_standard,Green_standard,Blue_standard,Red_coral,Green_coral,Blue_coral,Tech,Notes
ACR-1,ambient,1,17,TP1,Initial,20220319,IMG_3328,87.786,68.587,120.184,41.168,110.614,72.107,Emma,Alternate photo is 3330
ACR-2,ambient,2,14,TP1,Initial,20220319,IMG_3331,54.763,48.149,134.455,41.52,80.325,55.588,Emma,Alternate photo is 3332
ACR-3,ambient,3,7,TP1,Initial,20220319,IMG_3333,40.406,41.773,104.061,37.709,69.64,41.526,Emma,Alternate photo is 3334
ACR-4,ambient,4,24,TP1,Initial,20220319,IMG_3338,97.671,67.881,159.636,72.676,103.892,66.98,Emma,Alternate photo is 3336
ACR-5,ambient,5,13,TP1,Initial,20220319,IMG_3339,82.832,51.055,119.283,49.259,89.029,52.152,Emma,Alternate photo is 3340
ACR-6,ambient,6,9,TP1,Initial,20220319,IMG_3344,130.348,80.23,184.206,95.491,122.919,67.766,Emma,Alternate photo is 3342
ACR-7,ambient,7,3,TP1,Initial,20220319,IMG_3550,51.828,43.55,112.87,39.793,82.395,50.712,Emma,Alternate photo is 3352
ACR-8,ambient,8,19,TP1,Initial,20220319,IMG_3357,98.449,35.867,45.192,56.566,93.207,52.473,Emma,Alternate photo is 3354
ACR-9,ambient,9,21,TP1,Initial,20220319,IMG_3359,93.523,61.727,136.686,75.042,116.303,70.6,Emma,Alternate photo is 3358
ACR-10,ambient,10,5,TP1,Initial,20220319,IMG_3362,140.444,99.588,197.535,107.437,152.503,100.44,Emma,Alternate photo is 3361
ACR-11,ambient,11,1,TP1,Initial,20220319,IMG_3363,88.898,59.89,137.645,65.139,88.11,44.051,Emma,Alternate photo is 3364
ACR-12,ambient,12,11,TP1,Initial,20220319,IMG_3366,90.642,52.64,124.417,37.572,68.62,40.087,Emma,Standard ruler in the dark; outlined parts of the coral in the same shade as the standard. If this is an outlier then process IMG_3365
ACR-13,hot,1,10,TP1,Initial,20220319,IMG_3328,87.786,68.587,120.184,41.168,110.614,72.107,Emma,Alternate photo is 3330
ACR-14,hot,2,8,TP1,Initial,20220319,IMG_3331,54.763,48.149,134.455,41.52,80.325,55.588,Emma,Alternate photo is 3332
ACR-15,hot,3,20,TP1,Initial,20220319,IMG_3333,40.406,41.773,104.061,37.709,69.64,41.526,Emma,Alternate photo is 3334
ACR-16,hot,4,18,TP1,Initial,20220319,IMG_3338,97.671,67.881,159.636,72.676,103.892,66.98,Emma,Alternate photo is 3336
ACR-17,hot,5,4,TP1,Initial,20220319,IMG_3339,82.832,51.055,119.283,49.259,89.029,52.152,Emma,Alternate photo is 3340
ACR-18,hot,6,22,TP1,Initial,20220319,IMG_3344,130.348,80.23,184.206,95.491,122.919,67.766,Emma,Alternate photo is 3342
ACR-19,hot,7,16,TP1,Initial,20220319,IMG_3550,51.828,43.55,112.87,39.793,82.395,50.712,Emma,Alternate photo is 3352
ACR-20,hot,8,2,TP1,Initial,20220319,IMG_3357,98.449,35.867,45.192,56.566,93.207,52.473,Emma,Alternate photo is 3354
ACR-21,hot,9,15,TP1,Initial,20220319,IMG_3359,93.523,61.727,136.686,75.042,116.303,70.6,Emma,Alternate photo is 3358
ACR-22,hot,10,12,TP1,Initial,20220319,IMG_3362,140.444,99.588,197.535,107.437,152.503,100.44,Emma,Alternate photo is 3361
ACR-23,hot,11,23,TP1,Initial,20220319,IMG_3363,88.898,59.89,137.645,65.139,88.11,44.051,Emma,Alternate photo is 3364
ACR-24,hot,12,6,TP1,Initial,20220319,IMG_3366,90.642,52.64,124.417,37.572,68.62,40.087,Emma,Standard ruler in the dark; outlined parts of the coral in the same shade as the standard. If this is an outlier then process IMG_3365
ACR-1,ambient,1,17,TP2,Acclimation,20220321,,,,,,,,,
ACR-2,ambient,2,14,TP2,Acclimation,20220321,,,,,,,,,
ACR-3,ambient,3,7,TP2,Acclimation,20220321,,,,,,,,,
ACR-4,ambient,4,24,TP2,Acclimation,20220321,,,,,,,,,
ACR-5,ambient,5,13,TP2,Acclimation,20220321,,,,,,,,,
ACR-6,ambient,6,9,TP2,Acclimation,20220321,,,,,,,,,
ACR-7,ambient,7,3,TP2,Acclimation,20220321,,,,,,,,,
ACR-8,ambient,8,19,TP2,Acclimation,20220321,,,,,,,,,
ACR-9,ambient,9,21,TP2,Acclimation,20220321,,,,,,,,,
ACR-10,ambient,10,5,TP2,Acclimation,20220321,,,,,,,,,
ACR-11,ambient,11,1,TP2,Acclimation,20220321,,,,,,,,,
ACR-12,ambient,12,11,TP2,Acclimation,20220321,,,,,,,,,
ACR-13,hot,1,10,TP2,Acclimation,20220321,,,,,,,,,
ACR-14,hot,2,8,TP2,Acclimation,20220321,,,,,,,,,
ACR-15,hot,3,20,TP2,Acclimation,20220321,,,,,,,,,
ACR-16,hot,4,18,TP2,Acclimation,20220321,,,,,,,,,
ACR-17,hot,5,4,TP2,Acclimation,20220321,,,,,,,,,
ACR-18,hot,6,22,TP2,Acclimation,20220321,,,,,,,,,
ACR-19,hot,7,16,TP2,Acclimation,20220321,,,,,,,,,
ACR-20,hot,8,2,TP2,Acclimation,20220321,,,,,,,,,
ACR-21,hot,9,15,TP2,Acclimation,20220321,,,,,,,,,
ACR-22,hot,10,12,TP2,Acclimation,20220321,,,,,,,,,
ACR-23,hot,11,23,TP2,Acclimation,20220321,,,,,,,,,
ACR-24,hot,12,6,TP2,Acclimation,20220321,,,,,,,,,
ACR-1,ambient,1,17,TP2,Acclimation,20220323,IMG_3760,236.793,109.455,206.946,177.338,155.896,98.606,Emma,Tank photo = IMG_3759
ACR-2,ambient,2,14,TP2,Acclimation,20220323,IMG_3752,209.801,83.695,165.421,159.057,131.905,72.499,Emma,Tank photo = IMG_3751
ACR-3,ambient,3,7,TP2,Acclimation,20220323,IMG_3737,211.576,91.294,158.562,149.039,123.867,53.402,Emma,Tank photo = IMG_3736
ACR-4,ambient,4,24,TP2,Acclimation,20220323,IMG_3775,215.586,80.683,157.663,186.862,165.579,100.049,Emma,Tank photo = IMG_3774
ACR-5,ambient,5,13,TP2,Acclimation,20220323,IMG_3750,235.712,122.096,213.98,160.674,137.259,77.818,Emma,Tank photo = IMG_3749; Hard to tell what light plane this was in
ACR-6,ambient,6,9,TP2,Acclimation,20220323,IMG_3741,246.659,119.657,215.604,153.311,129.215,68.21,Emma,Tank photo = IMG_3740
ACR-7,ambient,7,3,TP2,Acclimation,20220323,IMG_3726,250.638,128.153,222.398,156.254,130.199,75.21,Emma,Tank photo = IMG_3725
ACR-8,ambient,8,19,TP2,Acclimation,20220323,IMG_3765,211.611,81.779,150.875,161.574,133.047,58.333,Emma,Tank photo = IMG_3764
ACR-9,ambient,9,21,TP2,Acclimation,20220323,IMG_3768,207.805,87.049,169.13,147.611,127.979,63.841,Emma,Tank photo = IMG_3769
ACR-10,ambient,10,5,TP2,Acclimation,20220323,IMG_3733,216.471,103.413,176.864,169.155,145.595,70.979,Emma,Tank photo = IMG_3731
ACR-11,ambient,11,1,TP2,Acclimation,20220323,IMG_3722,227.283,101.623,207.734,148.856,127.305,70.917,Emma,Tank photo = IMG_3721
ACR-12,ambient,12,11,TP2,Acclimation,20220323,IMG_3746,202.411,79.037,161.747,158.586,131.05,62.45,Emma,Tank photo = IMG_3745
ACR-13,hot,1,10,TP2,Acclimation,20220323,IMG_3744,241.09,115.928,214.906,177.195,151.458,88.96,Emma,Tank photo = IMG_3742
ACR-14,hot,2,8,TP2,Acclimation,20220323,IMG_3739,209.768,82.172,148.73,164.952,141.511,68.512,Emma,Tank photo = IMG_3738
ACR-15,hot,3,20,TP2,Acclimation,20220323,IMG_3767,211.434,86.581,167.286,163.562,141.233,72.933,Emma,Tank photo = IMG_3766
ACR-16,hot,4,18,TP2,Acclimation,20220323,IMG_3762,252.669,112.22,202.301,170.251,149.789,100.075,Emma,Tank photo = IMG_3761
ACR-17,hot,5,4,TP2,Acclimation,20220323,IMG_3730,141.102,88.04,152.469,153.683,126.748,52.998,Emma,Tank photo = IMG_3729
ACR-18,hot,6,22,TP2,Acclimation,20220323,IMG_3771,231.98,106.523,181.413,152.804,131.899,75.268,Emma,Tank photo = IMG_3770
ACR-19,hot,7,16,TP2,Acclimation,20220323,IMG_3758,223.241,93.26,194.065,155.862,134.204,75.421,Emma,Tank photo = IMG_3757
ACR-20,hot,8,2,TP2,Acclimation,20220323,IMG_3724,232.53,104.593,186.153,174.193,148.397,75.445,Emma,Tank photo = IMG_3723
ACR-21,hot,9,15,TP2,Acclimation,20220323,IMG_3754,244.385,119.82,206.165,159.449,133.293,62.376,Emma,Tank photo = IMG_3753
ACR-22,hot,10,12,TP2,Acclimation,20220323,IMG_3748,222.718,88.871,191.481,184.558,159.579,99.112,Emma,Tank photo = IMG_3747
ACR-23,hot,11,23,TP2,Acclimation,20220323,IMG_3773,239.469,109.051,199.703,166.207,139.987,70.948,Emma,Tank photo = IMG_3772
ACR-24,hot,12,6,TP2,Acclimation,20220323,IMG_3735,222.208,97.28,181.279,152.802,127.713,64.102,Emma,Tank photo = IMG_3734
ACR-1,ambient,1,17,TP2,Acclimation,20220325,,,,,,,,,
ACR-2,ambient,2,14,TP2,Acclimation,20220325,,,,,,,,,
ACR-3,ambient,3,7,TP2,Acclimation,20220325,,,,,,,,,
ACR-4,ambient,4,24,TP2,Acclimation,20220325,,,,,,,,,
ACR-5,ambient,5,13,TP2,Acclimation,20220325,,,,,,,,,
ACR-6,ambient,6,9,TP2,Acclimation,20220325,,,,,,,,,
ACR-7,ambient,7,3,TP2,Acclimation,20220325,,,,,,,,,
ACR-8,ambient,8,19,TP2,Acclimation,20220325,,,,,,,,,
ACR-9,ambient,9,21,TP2,Acclimation,20220325,,,,,,,,,
ACR-10,ambient,10,5,TP2,Acclimation,20220325,,,,,,,,,
ACR-11,ambient,11,1,TP2,Acclimation,20220325,,,,,,,,,
ACR-12,ambient,12,11,TP2,Acclimation,20220325,,,,,,,,,
ACR-13,hot,1,10,TP2,Acclimation,20220325,,,,,,,,,
ACR-14,hot,2,8,TP2,Acclimation,20220325,,,,,,,,,
ACR-15,hot,3,20,TP2,Acclimation,20220325,,,,,,,,,
ACR-16,hot,4,18,TP2,Acclimation,20220325,,,,,,,,,
ACR-17,hot,5,4,TP2,Acclimation,20220325,,,,,,,,,
ACR-18,hot,6,22,TP2,Acclimation,20220325,,,,,,,,,
ACR-19,hot,7,16,TP2,Acclimation,20220325,,,,,,,,,
ACR-20,hot,8,2,TP2,Acclimation,20220325,,,,,,,,,
ACR-21,hot,9,15,TP2,Acclimation,20220325,,,,,,,,,
ACR-22,hot,10,12,TP2,Acclimation,20220325,,,,,,,,,
ACR-23,hot,11,23,TP2,Acclimation,20220325,,,,,,,,,
ACR-24,hot,12,6,TP2,Acclimation,20220325,,,,,,,,,
ACR-1,ambient,1,17,TP3,RampUp,20220327,,,,,,,,,
ACR-2,ambient,2,14,TP3,RampUp,20220327,,,,,,,,,
ACR-3,ambient,3,7,TP3,RampUp,20220327,,,,,,,,,
ACR-4,ambient,4,24,TP3,RampUp,20220327,,,,,,,,,
ACR-5,ambient,5,13,TP3,RampUp,20220327,,,,,,,,,
ACR-6,ambient,6,9,TP3,RampUp,20220327,,,,,,,,,
ACR-7,ambient,7,3,TP3,RampUp,20220327,,,,,,,,,
ACR-8,ambient,8,19,TP3,RampUp,20220327,,,,,,,,,
ACR-9,ambient,9,21,TP3,RampUp,20220327,,,,,,,,,
ACR-10,ambient,10,5,TP3,RampUp,20220327,,,,,,,,,
ACR-11,ambient,11,1,TP3,RampUp,20220327,,,,,,,,,
ACR-12,ambient,12,11,TP3,RampUp,20220327,,,,,,,,,
ACR-13,hot,1,10,TP3,RampUp,20220327,,,,,,,,,
ACR-14,hot,2,8,TP3,RampUp,20220327,,,,,,,,,
ACR-15,hot,3,20,TP3,RampUp,20220327,,,,,,,,,
ACR-16,hot,4,18,TP3,RampUp,20220327,,,,,,,,,
ACR-17,hot,5,4,TP3,RampUp,20220327,,,,,,,,,
ACR-18,hot,6,22,TP3,RampUp,20220327,,,,,,,,,
ACR-19,hot,7,16,TP3,RampUp,20220327,,,,,,,,,
ACR-20,hot,8,2,TP3,RampUp,20220327,,,,,,,,,
ACR-21,hot,9,15,TP3,RampUp,20220327,,,,,,,,,
ACR-22,hot,10,12,TP3,RampUp,20220327,,,,,,,,,
ACR-23,hot,11,23,TP3,RampUp,20220327,,,,,,,,,
ACR-24,hot,12,6,TP3,RampUp,20220327,,,,,,,,,
ACR-1,ambient,1,17,TP3,RampUp,20220329,,,,,,,,,
ACR-2,ambient,2,14,TP3,RampUp,20220329,,,,,,,,,
ACR-3,ambient,3,7,TP3,RampUp,20220329,,,,,,,,,
ACR-4,ambient,4,24,TP3,RampUp,20220329,,,,,,,,,
ACR-5,ambient,5,13,TP3,RampUp,20220329,,,,,,,,,
ACR-6,ambient,6,9,TP3,RampUp,20220329,,,,,,,,,
ACR-7,ambient,7,3,TP3,RampUp,20220329,,,,,,,,,
ACR-8,ambient,8,19,TP3,RampUp,20220329,,,,,,,,,
ACR-9,ambient,9,21,TP3,RampUp,20220329,,,,,,,,,
ACR-10,ambient,10,5,TP3,RampUp,20220329,,,,,,,,,
ACR-11,ambient,11,1,TP3,RampUp,20220329,,,,,,,,,
ACR-12,ambient,12,11,TP3,RampUp,20220329,,,,,,,,,
ACR-13,hot,1,10,TP3,RampUp,20220329,,,,,,,,,
ACR-14,hot,2,8,TP3,RampUp,20220329,,,,,,,,,
ACR-15,hot,3,20,TP3,RampUp,20220329,,,,,,,,,
ACR-16,hot,4,18,TP3,RampUp,20220329,,,,,,,,,
ACR-17,hot,5,4,TP3,RampUp,20220329,,,,,,,,,
ACR-18,hot,6,22,TP3,RampUp,20220329,,,,,,,,,
ACR-19,hot,7,16,TP3,RampUp,20220329,,,,,,,,,
ACR-20,hot,8,2,TP3,RampUp,20220329,,,,,,,,,
ACR-21,hot,9,15,TP3,RampUp,20220329,,,,,,,,,
ACR-22,hot,10,12,TP3,RampUp,20220329,,,,,,,,,
ACR-23,hot,11,23,TP3,RampUp,20220329,,,,,,,,,
ACR-24,hot,12,6,TP3,RampUp,20220329,,,,,,,,,
ACR-1,ambient,1,17,TP4,Heatwave,20220331,IMG_7550,234.591,115.229,234.6,169.696,148.491,114.518,Kristen,Tank photo = IMG_7549
ACR-2,ambient,2,14,TP4,Heatwave,20220331,IMG_7543,216.891,93.762,204.919,202.047,176.815,133.185,Kristen,Tank photo = IMG_7542
ACR-3,ambient,3,7,TP4,Heatwave,20220331,IMG_7526,186.068,70.377,163.859,160.967,137.723,67.034,Kristen,Tank photo = IMG_7525
ACR-4,ambient,4,24,TP4,Heatwave,20220331,IMG_7564,208.649,77.08,157.784,182.333,160.649,87.661,Kristen,Tank photo = IMG_7563
ACR-5,ambient,5,13,TP4,Heatwave,20220331,IMG_7541,239.843,113.285,226.975,169.867,143.66,91.95,Kristen,Tank photo = IMG_7540
ACR-6,ambient,6,9,TP4,Heatwave,20220331,IMG_7530,240.91,121.616,228.731,160.771,135.528,68.736,Kristen,Tank photo = IMG_7529
ACR-7,ambient,7,3,TP4,Heatwave,20220331,IMG_7518,219.042,102.999,214.852,179.518,160.752,104.783,Kristen,Tank photo = IMG_7517
ACR-8,ambient,8,19,TP4,Heatwave,20220331,IMG_7554,221.418,100.579,212.014,160.506,129.129,88.25,Kristen,Tank photo = IMG_7553
ACR-9,ambient,9,21,TP4,Heatwave,20220331,IMG_7558,254.87,125.489,230.849,179.81,152.557,95.922,Kristen,Tank photo = IMG_7557
ACR-10,ambient,10,5,TP4,Heatwave,20220331,IMG_7522,200.315,76.663,181.59,158.638,139.837,86.805,Kristen,Tank photo = IMG_7521
ACR-11,ambient,11,1,TP4,Heatwave,20220331,IMG_7513,245.08,127.85,232.465,155.36,123.456,69.368,Kristen,Tank photo = IMG_7512
ACR-12,ambient,12,11,TP4,Heatwave,20220331,IMG_7535,200.799,87.26,178.702,135.949,119.072,64.871,Kristen,Tank photo = IMG_7534
ACR-13,hot,1,10,TP4,Heatwave,20220331,IMG_7533,242.428,122.815,209.456,166.887,141.18,72.954,Kristen,Tank photo = IMG_7531
ACR-14,hot,2,8,TP4,Heatwave,20220331,IMG_7528,169.893,58.011,128.889,166.676,142.492,69.83,Kristen,Tank photo = IMG_7527
ACR-15,hot,3,20,TP4,Heatwave,20220331,IMG_7556,237.441,109.41,222.861,154.077,127.879,91.491,Kristen,Tank photo = IMG_7555
ACR-16,hot,4,18,TP4,Heatwave,20220331,IMG_7552,247.096,113.651,221.383,186.441,161.211,124.113,Kristen,Tank photo = IMG_7551
ACR-17,hot,5,4,TP4,Heatwave,20220331,IMG_7520,220.619,90.954,200.459,161.543,134.856,95.801,Kristen,Tank photo = IMG_7519
ACR-18,hot,6,22,TP4,Heatwave,20220331,IMG_7560,211.609,81.482,184.277,161.65,140.676,77.637,Kristen,Tank photo = IMG_7559
ACR-19,hot,7,16,TP4,Heatwave,20220331,IMG_7548,203.735,76.793,203.265,167.605,140.534,97.451,Kristen,Tank photo - IMG_7547
ACR-20,hot,8,2,TP4,Heatwave,20220331,IMG_7515,189.651,64.152,149.893,162.796,141.483,85.154,Kristen,Tank photo = IMG_7514
ACR-21,hot,9,15,TP4,Heatwave,20220331,IMG_7546,212.208,83.984,189.396,150.609,118.947,74.276,Kristen,Tank photo = IMG_7544
ACR-22,hot,10,12,TP4,Heatwave,20220331,IMG_7539,205.601,80.273,177.945,154.227,127.458,88.118,Kristen,Tank photo = IMG_7538
ACR-23,hot,11,23,TP4,Heatwave,20220331,IMG_7562,246.757,109.494,200.861,160.565,133.166,60.626,Kristen,Tank photo = IMG_7561
ACR-24,hot,12,6,TP4,Heatwave,20220331,IMG_7524,206.4,74.156,171.95,148.982,124.407,64.1,Kristen,Tank photo = IMG_7523
ACR-1,ambient,1,17,TP4,Heatwave,20220402,IMG_7825,241.852,103.023,191.619,184.321,160.581,87.809,Kristen,Tank photo = IMG_7824
ACR-2,ambient,2,14,TP4,Heatwave,20220402,IMG_7819,227.34,97.843,174.249,204.948,176.946,89.309,Kristen,Tank photo = IMG_7817
ACR-3,ambient,3,7,TP4,Heatwave,20220402,IMG_7804,200.014,73.445,145.726,177.29,149.102,62.84,Kristen,Tank photo = IMG_7803
ACR-4,ambient,4,24,TP4,Heatwave,20220402,IMG_7840,209.042,75.398,148.868,190.422,163.685,75.611,Kristen,Tank photo = IMG_7839
ACR-5,ambient,5,13,TP4,Heatwave,20220402,IMG_7816,234.887,107.477,189.981,155.125,128.833,47.675,Kristen,Tank photo = IMG_7815
ACR-6,ambient,6,9,TP4,Heatwave,20220402,IMG_7808,184.114,61.863,119.222,140.947,108.409,33.306,Kristen,Tank photo = IMG_7807
ACR-7,ambient,7,3,TP4,Heatwave,20220402,IMG_7796,215.346,87.435,164.632,173.025,141.321,55.494,Kristen,Tank photo = IMG_7795
ACR-8,ambient,8,19,TP4,Heatwave,20220402,IMG_7829,223.224,89.644,163.622,171.254,139.884,51.074,Kristen,Tank photo = IMG_7828
ACR-9,ambient,9,21,TP4,Heatwave,20220402,IMG_7834,240.905,101.801,179.568,165.054,136.25,51.107,Kristen,Tank photo = IMG_7832
ACR-10,ambient,10,5,TP4,Heatwave,20220402,IMG_7800,214.333,82.52,160.564,180.036,151.568,63.593,Kristen,Tank photo = IMG_7799
ACR-11,ambient,11,1,TP4,Heatwave,20220402,IMG_7792,227.479,102.739,180.756,171.16,140.116,54.768,Kristen,Tank photo = IMG_7791
ACR-12,ambient,12,11,TP4,Heatwave,20220402,IMG_7812,197.544,74.05,150.18,161.962,131.461,53.006,Kristen,Tank photo = IMG_7811
ACR-13,hot,1,10,TP4,Heatwave,20220402,IMG_7810,218.993,87.993,166.296,175.116,144.238,66.353,Kristen,Tank photo = IMG_7809
ACR-14,hot,2,8,TP4,Heatwave,20220402,IMG_7806,233.46,101.656,167.772,183.823,159.139,72.255,Kristen,Tank photo = IMG_7805
ACR-15,hot,3,20,TP4,Heatwave,20220402,IMG_7831,245.172,114.089,201.063,157.712,128.935,47.182,Kristen,Tank photo = IMG_7830
ACR-16,hot,4,18,TP4,Heatwave,20220402,IMG_7827,223.515,87.988,165.458,192.21,164.84,76.675,Kristen,Tank photo = IMG_7826
ACR-17,hot,5,4,TP4,Heatwave,20220402,IMG_7798,239.169,102.646,178.329,188.038,154.486,58.934,Kristen,Tank photo = IMG_7797
ACR-18,hot,6,22,TP4,Heatwave,20220402,IMG_7836,213.94,78.311,162.746,187.642,156.326,65.367,Kristen,Tank photo = IMG_7835
ACR-19,hot,7,16,TP4,Heatwave,20220402,IMG_7823,254.779,125.575,202.641,170.33,139.218,52.31,Kristen,Tank photo = IMG_7822
ACR-20,hot,8,2,TP4,Heatwave,20220402,IMG_7794,233.291,107.291,186.537,190.003,160.703,74.821,Kristen,Tank photo = IMG_7793
ACR-21,hot,9,15,TP4,Heatwave,20220402,IMG_7821,219.28,91.93,166.711,167.194,138.374,48.247,Kristen,Tank photo = IMG_7820
ACR-22,hot,10,12,TP4,Heatwave,20220402,IMG_7814,229.383,108.121,195.649,185.264,150.037,65.932,Kristen,Tank photo = IMG_7813
ACR-23,hot,11,23,TP4,Heatwave,20220402,IMG_7838,254.947,119.173,195.074,183.828,146.861,50.253,Kristen,Tank photo = IMG_7837
ACR-24,hot,12,6,TP4,Heatwave,20220402,IMG_7802,241.25,106.531,190.975,174.252,140.048,52.396,Kristen,Tank photo = IMG_7801
ACR-1,ambient,1,17,TP4,Heatwave,20220404,IMG_8103,227.491,94.958,197.331,168.335,141.448,89.164,Emma,Tank photo = IMG_8102
ACR-2,ambient,2,14,TP4,Heatwave,20220404,IMG_8097,214.249,82.054,184.201,173.488,143.691,97.109,Emma,Tank photo = IMG_8096
ACR-3,ambient,3,7,TP4,Heatwave,20220404,IMG_8082,244.782,114.079,215.312,164.466,134.894,67.75,Emma,Tank photo = IMG_8081
ACR-4,ambient,4,24,TP4,Heatwave,20220404,IMG_8119,191.906,64.066,162.76,184.624,163.104,101.283,Emma,Tank photo = IMG_8118
ACR-5,ambient,5,13,TP4,Heatwave,20220404,IMG_8095,205.55,71.499,177.206,175.695,146.542,91.107,Emma,Tank photo = IMG_8093
ACR-6,ambient,6,9,TP4,Heatwave,20220404,IMG_8086,192.862,66.912,154.258,153.924,127.657,65.266,Emma,Tank photo = IMG_8085
ACR-7,ambient,7,3,TP4,Heatwave,20220404,IMG_8074,221.363,93.8,200.061,158.29,134.76,76.989,Emma,Tank photo = IMG_8073
ACR-8,ambient,8,19,TP4,Heatwave,20220404,IMG_8106,204.908,70.36,165.56,157.785,134.315,72.778,Emma,Tank photo = IMG_8108
ACR-9,ambient,9,21,TP4,Heatwave,20220404,IMG_8112,208.838,78.887,171.043,145.475,126.629,67.596,Emma,Tank photo = IMG_8111
ACR-10,ambient,10,5,TP4,Heatwave,20220404,IMG_8078,212.913,85.488,194.276,159.341,143.224,88.461,Emma,Tank photo = IMG_8077
ACR-11,ambient,11,1,TP4,Heatwave,20220404,IMG_8070,202.459,78.495,186.439,162.346,137.691,73.648,Emma,Tank photo = IMG_8069
ACR-12,ambient,12,11,TP4,Heatwave,20220404,IMG_8090,202.752,69.926,172.66,155.482,131.921,80.775,Emma,Tank photo = IMG_8089
ACR-13,hot,1,10,TP4,Heatwave,20220404,IMG_8088,194.485,71.382,164.872,158.346,134.074,78.158,Emma,Tank photo = IMG_8087
ACR-14,hot,2,8,TP4,Heatwave,20220404,IMG_8084,209.12,75.906,170.872,177.852,159.789,106.532,Emma,Tank photo = IMG_8083
ACR-15,hot,3,20,TP4,Heatwave,20220404,IMG_8110,224.234,97.025,200.328,162.525,138.763,80.069,Emma,Tank photo = IMG_8109
ACR-16,hot,4,18,TP4,Heatwave,20220404,IMG_8104,204.519,81.474,176.85,165.775,150.025,97.982,Emma,Tank photo = IMG_8105
ACR-17,hot,5,4,TP4,Heatwave,20220404,IMG_8076,195.522,73.683,167,154.253,132.02,70.016,Emma,Tank photo = IMG_8075
ACR-18,hot,6,22,TP4,Heatwave,20220404,IMG_8115,197.512,70.749,161.251,148.99,120.741,57.213,Emma,Tank photo = IMG_8114
ACR-19,hot,7,16,TP4,Heatwave,20220404,IMG_8100,241.391,102.163,212.148,180.891,152.726,95.231,Emma,Tank photo = IMG_8101
ACR-20,hot,8,2,TP4,Heatwave,20220404,IMG_8072,215.943,92.091,194.151,162.088,143.874,90.009,Emma,Tank photo = IMG_8071
ACR-21,hot,9,15,TP4,Heatwave,20220404,IMG_8099,232.711,101.12,200.582,148.091,127.277,70.672,Emma,Tank photo = IMG_8098
ACR-22,hot,10,12,TP4,Heatwave,20220404,IMG_8092,225.555,92.236,197.636,164.023,134.898,84.221,Emma,Tank photo = IMG_8091
ACR-23,hot,11,23,TP4,Heatwave,20220404,IMG_8117,222.154,95.888,200.15,145.762,121.936,56.2,Emma,Tank photo = IMG_8116
ACR-24,hot,12,6,TP4,Heatwave,20220404,IMG_8080,187.213,62.549,156.837,136.353,114.99,61.03,Emma,Tank photo = IMG_8079
ACR-1,ambient,1,17,TP4,Heatwave,20220405,IMG_3821,215.346,72.727,169.963,188.85,148.662,107.04,Emma,Tank photo = IMG_3820
ACR-2,ambient,2,14,TP4,Heatwave,20220405,IMG_3812,216.421,88.614,199.808,195.067,168.223,127.048,Emma,Tank photo = IMG_3811
ACR-3,ambient,3,7,TP4,Heatwave,20220405,IMG_3793,193.444,71.214,178.491,148.965,123.616,62.879,Emma,Tank photo = IMG_3792
ACR-4,ambient,4,24,TP4,Heatwave,20220405,IMG_3846,215,83.201,181.909,183.723,162.601,100.745,Emma,Tank photo = IMG_3843
ACR-5,ambient,5,13,TP4,Heatwave,20220405,IMG_3809,201.099,69.349,177.179,182.554,153.568,114.434,Emma,Tank photo = IMG_3807
ACR-6,ambient,6,9,TP4,Heatwave,20220405,IMG_3799,225.019,101.731,202.379,161.849,130.928,84.31,Emma,Tank photo = IMG_3796
ACR-7,ambient,7,3,TP4,Heatwave,20220405,IMG_3782,213.22,79.921,189.96,180.525,160.406,104.497,Emma,Tank photo = IMG_3781
ACR-8,ambient,8,19,TP4,Heatwave,20220405,IMG_3827,202.129,76.329,183.287,166.925,140.093,99.04,Emma,Tank photo = IMG_3825
ACR-9,ambient,9,21,TP4,Heatwave,20220405,IMG_3831,223.201,87.705,192.297,169.48,142.097,78.674,Emma,Tank photo = IMG_3831
ACR-10,ambient,10,5,TP4,Heatwave,20220405,IMG_3788,189.359,77.596,177.679,185.11,155.373,103.449,Emma,Tank photo = IMG_3785
ACR-11,ambient,11,1,TP4,Heatwave,20220405,IMG_3778,207.585,83.891,181.86,163.237,135.643,68.452,Emma,Tank photo = IMG_3776
ACR-12,ambient,12,11,TP4,Heatwave,20220405,IMG_3803,196.721,71.381,177.094,171.972,143.747,101.059,Emma,Tank photo = IMG_3802
ACR-13,hot,1,10,TP4,Heatwave,20220405,IMG_3801,224.358,98.654,221.352,185.432,157.402,117.686,Emma,Tank photo = IMG_3800
ACR-14,hot,2,8,TP4,Heatwave,20220405,IMG_3795,146.338,50.055,138.673,146.85,133.85,84.877,Emma,Tank photo = IMG_3794
ACR-15,hot,3,20,TP4,Heatwave,20220405,IMG_3820,227.82,95.433,209.044,180.735,151.131,100.758,Emma,Tank photo = IMG_3828
ACR-16,hot,4,18,TP4,Heatwave,20220405,IMG_3824,206.444,78.254,183.823,174.835,145.124,99.901,Emma,Tank photo = IMG_3823
ACR-17,hot,5,4,TP4,Heatwave,20220405,IMG_3784,218.521,84.133,187.661,177.07,145.058,94.41,Emma,Tank photo = IMG_3783
ACR-18,hot,6,22,TP4,Heatwave,20220405,IMG_3837,223.535,89.377,194.039,164.437,133.761,87.25,Emma,Tank photo = IMG_3835
ACR-19,hot,7,16,TP4,Heatwave,20220405,IMG_3817,196.419,75.823,189.283,170.948,142.736,93.227,Emma,Tank photo = IMG_3816
ACR-20,hot,8,2,TP4,Heatwave,20220405,IMG_3780,208.482,84.607,166.527,175.048,148.891,74.417,Emma,Tank photo = IMG_3779
ACR-21,hot,9,15,TP4,Heatwave,20220405,IMG_3815,234.659,105.668,216.674,163.125,134.162,85.863,Emma,Tank photo = IMG_3813
ACR-22,hot,10,12,TP4,Heatwave,20220405,IMG_3806,202.756,68.399,172.967,185.629,152.306,101.345,Emma,Tank photo = IMG_3805
ACR-23,hot,11,23,TP4,Heatwave,20220405,IMG_3842,207.294,78.079,189.015,176.122,147.781,79.899,Emma,Tank photo = IMG_3839
ACR-24,hot,12,6,TP4,Heatwave,20220405,IMG_3791,236.052,106.051,197.373,170.966,139.113,62.929,Emma,Tank photo = IMG_3790
ACR-1,ambient,1,17,TP4,Heatwave,20220406,IMG_3909,221.182,88.531,176.522,193.149,167.611,95.832,Emma,Tank photo = IMG_3908
ACR-2,ambient,2,14,TP4,Heatwave,20220406,IMG_3899,221.164,89.035,172.892,200.544,170.593,89.95,Emma,Tank photo = IMG_3897
ACR-3,ambient,3,7,TP4,Heatwave,20220406,IMG_3873,200.596,72.258,137.227,161.364,126.327,41.327,Emma,Tank photo = IMG_3872
ACR-4,ambient,4,24,TP4,Heatwave,20220406,IMG_3935,214.534,82.964,153.022,197.288,168.833,80.414,Emma,Tank photo = IMG_3934
ACR-5,ambient,5,13,TP4,Heatwave,20220406,IMG_3894,206.751,74.408,145.36,189.104,159.24,73.953,Emma,Tank photo = IMG_3890
ACR-6,ambient,6,9,TP4,Heatwave,20220406,IMG_3878,224.181,97.848,161.905,177.213,145.423,59.904,Emma,Tank photo = IMG_3876
ACR-7,ambient,7,3,TP4,Heatwave,20220406,IMG_3859,224.543,95.17,167.916,189.033,157.535,70.695,Emma,Tank photo = IMG_3857
ACR-8,ambient,8,19,TP4,Heatwave,20220406,IMG_3914,207.164,78.452,150.623,179.758,150.297,67.516,Emma,Tank photo = IMG_3913
ACR-9,ambient,9,21,TP4,Heatwave,20220406,IMG_3922,199.396,77.266,151.752,167.833,140.689,60.488,Emma,Tank photo = IMG_3920
ACR-10,ambient,10,5,TP4,Heatwave,20220406,IMG_3867,222.33,91.514,175.997,190.283,161.027,73.585,Emma,Tank photo = IMG_3864
ACR-11,ambient,11,1,TP4,Heatwave,20220406,IMG_3850,198.057,78.563,150.564,173.847,143.421,59.012,Emma,Tank photo = IMG_3849
ACR-12,ambient,12,11,TP4,Heatwave,20220406,IMG_3883,178.589,60.038,124.824,156.527,129.224,54.058,Emma,Tank photo = IMG_3882
ACR-13,hot,1,10,TP4,Heatwave,20220406,IMG_3881,230.292,95.456,180.579,197.884,167.37,87.775,Emma,Tank photo = IMG_3879
ACR-14,hot,2,8,TP4,Heatwave,20220406,IMG_3875,182.773,62.039,121.568,179.526,152.768,69.586,Emma,Tank photo = IMG_3874
ACR-15,hot,3,20,TP4,Heatwave,20220406,IMG_3917,224.369,93.863,175.183,178.003,148.103,68.139,Emma,Tank photo = IMG_3916
ACR-16,hot,4,18,TP4,Heatwave,20220406,IMG_3912,208.973,76.215,150.218,169.997,140.909,62.641,Emma,Tank photo = IMG_3911
ACR-17,hot,5,4,TP4,Heatwave,20220406,IMG_3861,196.203,65.125,131.653,172.426,139.008,51.396,Emma,Tank photo = IMG_3860
ACR-18,hot,6,22,TP4,Heatwave,20220406,IMG_3928,172.379,64.547,126.998,167.735,137.93,55.073,Emma,Tank photo = IMG_3925
ACR-19,hot,7,16,TP4,Heatwave,20220406,IMG_3906,230.28,100.147,174.497,183.678,150.966,64.299,Emma,Tank photo = IMG_3904
ACR-20,hot,8,2,TP4,Heatwave,20220406,IMG_3852,185.122,68.557,138.339,184.064,155.908,75.879,Emma,Tank photo = IMG_3851
ACR-21,hot,9,15,TP4,Heatwave,20220406,IMG_3901,238.745,104.332,194.024,167.48,135.537,60.367,Emma,Tank photo = IMG_3900
ACR-22,hot,10,12,TP4,Heatwave,20220406,IMG_3888,218.694,82.951,164.526,191.085,160.476,72.416,Emma,Tank photo = IMG_3886
ACR-23,hot,11,23,TP4,Heatwave,20220406,IMG_3933,208.604,77.726,151.266,183.5,148.002,54.133,Emma,Tank photo = IMG_3930
ACR-24,hot,12,6,TP4,Heatwave,20220406,IMG_3871,212.563,76.656,159.478,173.478,138.111,57.155,Emma,Tank photo = IMG_3868
ACR-1,ambient,1,17,TP4,Heatwave,20220407,IMG_8463,196.855,77.939,183.925,182.849,163.961,109.278,Emma,Tank photo = IMG_8462
ACR-2,ambient,2,14,TP4,Heatwave,20220407,IMG_8451,213.214,82.658,185.609,171.772,149.412,95.787,Emma,Tank photo = IMG_8450
ACR-3,ambient,3,7,TP4,Heatwave,20220407,IMG_8428,186.151,64.621,160.379,135.563,109,49.572,Emma,Tank photo = IMG_8427
ACR-4,ambient,4,24,TP4,Heatwave,20220407,IMG_8488,233.942,86.254,175.781,190.75,165.359,86.138,Emma,Tank photo = IMG_8486
ACR-5,ambient,5,13,TP4,Heatwave,20220407,IMG_8446,171.187,55.569,147.87,172.332,150.98,89.004,Emma,Tank photo = IMG_8442
ACR-6,ambient,6,9,TP4,Heatwave,20220407,IMG_8435,213.086,82.811,187.582,160.761,136.678,78.502,Emma,Tank photo = IMG_8433
ACR-7,ambient,7,3,TP4,Heatwave,20220407,IMG_8409,211.584,86.846,184.644,181.301,158.542,95.903,Emma,Tank photo = IMG_8407
ACR-8,ambient,8,19,TP4,Heatwave,20220407,IMG_8472,178.739,61.004,150.56,164.874,144.069,86.513,Emma,Tank photo = IMG_8470
ACR-9,ambient,9,21,TP4,Heatwave,20220407,IMG_8478,198.604,72.598,171.938,152.978,133.162,70.038,Emma,Tank photo = IMG_8476
ACR-10,ambient,10,5,TP4,Heatwave,20220407,IMG_8423,199.19,77.23,177.112,172.352,148.752,86.135,Emma,Tank photo = IMG_8421
ACR-11,ambient,11,1,TP4,Heatwave,20220407,IMG_8402,192.035,78.346,176.504,157.75,137.655,74.272,Emma,Tank photo = IMG_8401
ACR-12,ambient,12,11,TP4,Heatwave,20220407,IMG_8439,150.664,51.002,142.706,145.618,127.219,73.13,Emma,Tank photo = IMG_8438
ACR-13,hot,1,10,TP4,Heatwave,20220407,IMG_8437,204.618,78.368,178.313,171.725,149.361,89.981,Emma,Tank photo = IMG_8436
ACR-14,hot,2,8,TP4,Heatwave,20220407,IMG_8432,178.809,58.274,139.658,168.915,145.407,80.859,Emma,Tank photo = IMG_8429
ACR-15,hot,3,20,TP4,Heatwave,20220407,IMG_8475,207.437,79.547,185.32,167.744,146.835,82.639,Emma,Tank photo = IMG_8473
ACR-16,hot,4,18,TP4,Heatwave,20220407,IMG_8469,174.226,58.31,143.418,151.842,127.212,69.892,Emma,Tank photo = IMG_8467
ACR-17,hot,5,4,TP4,Heatwave,20220407,IMG_8420,178.335,63.009,129.269,157.589,132.529,57.144,Emma,Tank photo = IMG_8411
ACR-18,hot,6,22,TP4,Heatwave,20220407,IMG_8482,201.43,75.395,158.743,170.941,143.18,71.993,Emma,Tank photo = IMG_8480
ACR-19,hot,7,16,TP4,Heatwave,20220407,IMG_8460,227.929,116.756,218.154,183.609,162.675,96.805,Emma,Tank photo = IMG_8455
ACR-20,hot,8,2,TP4,Heatwave,20220407,IMG_8405,182.229,63.188,145.744,176.555,157.032,95.291,Emma,Tank photo = IMG_8403
ACR-21,hot,9,15,TP4,Heatwave,20220407,IMG_8454,206.441,80.83,182.159,147.506,123.355,62.929,Emma,Tank photo = IMG_8452
ACR-22,hot,10,12,TP4,Heatwave,20220407,IMG_8441,212.738,81.083,193.043,181.238,153.837,88.63,Emma,Tank photo = IMG_8440
ACR-23,hot,11,23,TP4,Heatwave,20220407,IMG_8485,210.524,83.095,166.426,156.591,127.333,51.085,Emma,Tank photo = IMG_8483
ACR-24,hot,12,6,TP4,Heatwave,20220407,IMG_8426,235.575,101.68,213.439,168.386,142.697,82.951,Emma,Tank photo = IMG_8424
ACR-1,ambient,1,17,TP4,Heatwave,20220408,IMG_8537,187.71,64.211,131.246,135.646,105.884,39.965,Danielle,Tank photo = IMG_8536
ACR-2,ambient,2,14,TP4,Heatwave,20220408,IMG_8528,200.278,72.724,145.792,153.266,125.636,55.739,Danielle,Tank photo = IMG_8527
ACR-3,ambient,3,7,TP4,Heatwave,20220408,IMG_8507,176.083,36.38,116.296,117.856,85.056,23.555,Danielle,Tank photo = IMG_8506
ACR-4,ambient,4,24,TP4,Heatwave,20220408,IMG_8561,201.071,77.506,143.531,134.036,109.274,40.146,Danielle,Tank photo = IMG_8559
ACR-5,ambient,5,13,TP4,Heatwave,20220408,IMG_8525,170.566,52.778,117.439,168.789,135.845,51.302,Danielle,Tank photo = IMG_8524
ACR-6,ambient,6,9,TP4,Heatwave,20220408,IMG_8513,199.582,73.763,134.413,117.823,89.695,29.121,Danielle,Tank photo = IMG_8510
ACR-7,ambient,7,3,TP4,Heatwave,20220408,IMG_8497,197.134,76.002,139.455,175.7,145.314,62.461,Danielle,Tank photo = IMG_8495
ACR-8,ambient,8,19,TP4,Heatwave,20220408,IMG_8542,181.069,62.26,121.997,142.759,116.072,40.73,Danielle,Tank photo = IMG_8541
ACR-9,ambient,9,21,TP4,Heatwave,20220408,IMG_8549,187.954,71,135.775,146.012,118.652,44.051,Danielle,Tank photo = IMG_8547
ACR-10,ambient,10,5,TP4,Heatwave,20220408,IMG_8502,188.879,62.221,131.245,174.015,143.609,59.257,Danielle,Tank photo = IMG_8501
ACR-11,ambient,11,1,TP4,Heatwave,20220408,IMG_8490,178.189,62.532,123.232,122.354,97.182,33.986,Danielle,Tank photo = IMG_8489
ACR-12,ambient,12,11,TP4,Heatwave,20220408,IMG_8518,156.109,50.068,110.788,132.53,107.182,44.633,Danielle,Tank photo = IMG_8517
ACR-13,hot,1,10,TP4,Heatwave,20220408,IMG_8515,210.029,82.223,150.496,186.818,153.117,62.16,Danielle,Tank photo = IMG_8514
ACR-14,hot,2,8,TP4,Heatwave,20220408,IMG_8509,182.271,63.001,121.297,181.058,153.293,68.343,Danielle,Tank photo = IMG_8508
ACR-15,hot,3,20,TP4,Heatwave,20220408,IMG_8546,214.872,82.398,155.407,211.439,183.188,89.136,Danielle,Tank photo = IMG_8544
ACR-16,hot,4,18,TP4,Heatwave,20220408,IMG_8539,195.465,68.836,136.46,167.14,139.125,59.662,Danielle,Tank photo = IMG_8538
ACR-17,hot,5,4,TP4,Heatwave,20220408,IMG_8500,166.074,55.25,113.861,169.092,136.919,51.291,Danielle,Tank photo = IMG_8498
ACR-18,hot,6,22,TP4,Heatwave,20220408,IMG_8553,188.38,69.261,128.637,153.493,127.906,50.297,Danielle,Tank photo = IMG_8552
ACR-19,hot,7,16,TP4,Heatwave,20220408,IMG_8535,188.577,61.2,132.223,194.009,164.328,71.225,Danielle,Tank photo = IMG_8534
ACR-20,hot,8,2,TP4,Heatwave,20220408,IMG_8493,165.999,60.349,118.309,194.174,175.043,95.29,Danielle,Tank photo = IMG_8492
ACR-21,hot,9,15,TP4,Heatwave,20220408,IMG_8532,203.535,76.58,147.306,159.77,128.556,47.728,Danielle,Tank photo = IMG_8530
ACR-22,hot,10,12,TP4,Heatwave,20220408,IMG_8521,185.45,69.453,136.328,193.273,162.426,72.015,Danielle,Tank photo = IMG_8520
ACR-23,hot,11,23,TP4,Heatwave,20220408,IMG_8556,210.191,74.659,151.651,163.411,132.26,47.4,Danielle,Tank photo = IMG_8555
ACR-24,hot,12,6,TP4,Heatwave,20220408,IMG_8505,199.168,74.045,149.992,170.332,136.614,58.4,Danielle,Tank photo = IMG_8504
ACR-1,ambient,1,17,TP4,Heatwave,20220409,IMG_4291,200.69,75.02,170.008,152.312,126.215,71.075,Danielle,Tank photo = IMG_4290
ACR-2,ambient,2,14,TP4,Heatwave,20220409,IMG_4284,220.564,93.98,196.195,145.982,124.579,69.481,Danielle,Tank photo = IMG_4282
ACR-3,ambient,3,7,TP4,Heatwave,20220409,IMG_4261,203.143,79.208,182.658,141.805,114.938,53.264,Danielle,Tank photo = IMG_4260
ACR-4,ambient,4,24,TP4,Heatwave,20220409,IMG_4317,201.315,74.131,149.833,160.655,132.898,58.386,Danielle,Tank photo = IMG_4313
ACR-5,ambient,5,13,TP4,Heatwave,20220409,IMG_4279,185.265,61.285,155.638,164.37,138.608,80.95,Danielle,Tank photo = IMG_4278
ACR-6,ambient,6,9,TP4,Heatwave,20220409,IMG_4267,199.743,72.278,152.348,123.209,96.062,36.472,Danielle,Tank photo = IMG_4265
ACR-7,ambient,7,3,TP4,Heatwave,20220409,IMG_4250,203.771,79.55,170.944,147.212,125.896,71.052,Danielle,Tank photo = IMG_4248
ACR-8,ambient,8,19,TP4,Heatwave,20220409,IMG_4300,189.492,65.838,143.611,173.738,149.545,74.274,Danielle,Tank photo = IMG_4296
ACR-9,ambient,9,21,TP4,Heatwave,20220409,IMG_4306,179.796,58.857,140.182,134.723,109.012,48.195,Danielle,Tank photo = IMG_4303
ACR-10,ambient,10,5,TP4,Heatwave,20220409,IMG_4256,179.747,61.779,151.627,157.74,130.705,62.544,Danielle,Tank photo = IMG_4255
ACR-11,ambient,11,1,TP4,Heatwave,20220409,IMG_4244,186.145,72.058,170.142,124.429,106.427,54.4,Danielle,Tank photo = IMG_4241
ACR-12,ambient,12,11,TP4,Heatwave,20220409,IMG_4274,177.559,62.065,166.078,149.401,129.496,70.935,Danielle,Tank photo = IMG_4273
ACR-13,hot,1,10,TP4,Heatwave,20220409,IMG_4269,211.528,82.458,181.383,187.838,164.726,104.036,Danielle,Tank photo = IMG_4268
ACR-14,hot,2,8,TP4,Heatwave,20220409,IMG_4264,167.726,58.252,125.02,168.012,144.936,75.454,Danielle,Tank photo = IMG_4263
ACR-15,hot,3,20,TP4,Heatwave,20220409,IMG_4302,203.85,73.918,168.802,174.778,150.786,87.072,Danielle,Tank photo = IMG_4301
ACR-16,hot,4,18,TP4,Heatwave,20220409,IMG_4294,202.95,80.643,179.994,188.176,166.73,108.355,Danielle,Tank photo = IMG_4293
ACR-17,hot,5,4,TP4,Heatwave,20220409,IMG_4254,176.625,59.335,127.845,177.606,147.192,64.593,Danielle,Tank photo = IMG_4252
ACR-18,hot,6,22,TP4,Heatwave,20220409,IMG_4309,199.947,71.41,154.797,152.287,127.183,60.724,Danielle,Tank photo = IMG_4307
ACR-19,hot,7,16,TP4,Heatwave,20220409,IMG_4288,181.017,58.722,153.371,188.9,162.571,94.729,Danielle,Tank photo = IMG_4287
ACR-20,hot,8,2,TP4,Heatwave,20220409,IMG_4246,176.833,58.082,137.681,178.639,160.973,101.49,Danielle,Tank photo = IMG_4245
ACR-21,hot,9,15,TP4,Heatwave,20220409,IMG_4286,213.39,83.213,185.399,179.143,150.261,78.385,Danielle,Tank photo = IMG_4285
ACR-22,hot,10,12,TP4,Heatwave,20220409,IMG_4276,163.056,50.348,136.983,163.971,136.371,72.728,Danielle,Tank photo = IMG_4275
ACR-23,hot,11,23,TP4,Heatwave,20220409,IMG_4312,188.223,64.793,144.838,154.061,116.405,38.199,Danielle,Tank photo = IMG_4310
ACR-24,hot,12,6,TP4,Heatwave,20220409,IMG_4259,168.78,57.364,149.89,162.29,133.403,71.131,Danielle,Tank photo = IMG_4257
ACR-1,ambient,1,17,TP4,Heatwave,20220410,IMG_8885,205.517,78.961,167.425,190.669,162.142,83.932,Danielle,Tank photo = IMG_8882
ACR-2,ambient,2,14,TP4,Heatwave,20220410,IMG_8875,213.521,80.027,166.778,194.461,167.944,90.655,Danielle,Tank photo = IMG_8873
ACR-3,ambient,3,7,TP4,Heatwave,20220410,IMG_8851,196.018,68.679,141.661,134.707,100.687,29.157,Danielle,Tank photo = IMG_8850
ACR-4,ambient,4,24,TP4,Heatwave,20220410,IMG_8904,203.711,73.987,143.904,143.697,114.807,41.433,Danielle,Tank photo = IMG_8902
ACR-5,ambient,5,13,TP4,Heatwave,20220410,IMG_8870,202.016,71.874,144.93,190.43,160.242,73.909,Danielle,Tank photo = IMG_8869
ACR-6,ambient,6,9,TP4,Heatwave,20220410,IMG_8856,202.792,73.416,143.992,131.8,101.069,32.425,Danielle,Tank photo = IMG_8855
ACR-7,ambient,7,3,TP4,Heatwave,20220410,IMG_8840,186.784,62.146,126.168,145.496,118.389,46.233,Danielle,Tank photo = IMG_8838
ACR-8,ambient,8,19,TP4,Heatwave,20220410,IMG_8891,214.026,78.054,155.284,167.344,140.222,56.993,Danielle,Tank photo = IMG_8889
ACR-9,ambient,9,21,TP4,Heatwave,20220410,IMG_8896,197.16,72.535,145.961,160.347,130.381,46.709,Danielle,Tank photo = IMG_8894
ACR-10,ambient,10,5,TP4,Heatwave,20220410,IMG_8845,190.731,63.647,135.728,166.644,133.017,47.372,Danielle,Tank photo = IMG_8844
ACR-11,ambient,11,1,TP4,Heatwave,20220410,IMG_8834,191.278,75.254,148.921,177.356,144.468,49.935,Danielle,Tank photo = IMG_8831
ACR-12,ambient,12,11,TP4,Heatwave,20220410,IMG_8862,167.871,52.739,125.572,140.867,112.7,41.214,Danielle,Tank photo = IMG_8861
ACR-13,hot,1,10,TP4,Heatwave,20220410,IMG_8860,203.662,75.249,154.355,176.776,149.111,70.136,Danielle,Tank photo = IMG_8858
ACR-14,hot,2,8,TP4,Heatwave,20220410,IMG_8854,192.503,67.117,133.982,184.743,157.349,69.506,Danielle,Tank photo = IMG_8852
ACR-15,hot,3,20,TP4,Heatwave,20220410,IMG_8893,217.537,87.054,181.027,204.758,180.225,103.47,Danielle,Tank photo = IMG_8892
ACR-16,hot,4,18,TP4,Heatwave,20220410,IMG_8887,199.817,73.839,148.332,193.242,164.856,78.753,Danielle,Tank photo = IMG_8886
ACR-17,hot,5,4,TP4,Heatwave,20220410,IMG_8843,162.623,50.683,109.52,150.381,120.976,45.997,Danielle,Tank photo = IMG_8841
ACR-18,hot,6,22,TP4,Heatwave,20220410,IMG_8898,205.73,72.859,144.609,175.099,144.337,59.197,Danielle,Tank photo = IMG_8897
ACR-19,hot,7,16,TP4,Heatwave,20220410,IMG_8881,204.144,71.25,156.601,189.36,157.535,73.483,Danielle,Tank photo = IMG_8880
ACR-20,hot,8,2,TP4,Heatwave,20220410,IMG_8837,161.055,54.489,115.999,199.632,179.467,98.573,Danielle,Tank photo = IMG_8835
ACR-21,hot,9,15,TP4,Heatwave,20220410,IMG_8879,215.848,81.35,167.308,163.295,131.774,55.69,Danielle,Tank photo = IMG_8871
ACR-22,hot,10,12,TP4,Heatwave,20220410,IMG_8867,198.437,70.359,164.636,181.591,149.557,70.897,Danielle,Tank photo = IMG_8877
ACR-23,hot,11,23,TP4,Heatwave,20220410,IMG_8901,197.009,69.109,140.163,173.569,131.616,37.795,Danielle,Tank photo = IMG_8900
ACR-24,hot,12,6,TP4,Heatwave,20220410,IMG_8849,194.833,72.847,146.842,185.472,152.465,62.902,Danielle,Tank photo = IMG_8847
ACR-1,ambient,1,17,TP4,Heatwave,20220411,IMG_8953,210.267,79.681,156.562,180.386,150.015,70.387,Danielle,Tank photo = IMG_8952
ACR-2,ambient,2,14,TP4,Heatwave,20220411,IMG_8944,218.912,83.12,169.375,159.91,126.898,49.237,Danielle,Tank photo = IMG_8943
ACR-3,ambient,3,7,TP4,Heatwave,20220411,IMG_8925,206.799,79.859,150.596,157.584,118.276,32.638,Danielle,Tank photo = IMG_8924
ACR-4,ambient,4,24,TP4,Heatwave,20220411,IMG_8977,215.619,80.813,160.438,149.577,117.306,41.175,Danielle,Tank photo = IMG_8975
ACR-5,ambient,5,13,TP4,Heatwave,20220411,IMG_8942,186.117,66.923,137.679,186.899,159.423,77.679,Danielle,Tank photo = IMG_8940
ACR-6,ambient,6,9,TP4,Heatwave,20220411,IMG_8931,220.471,81.742,157.749,144.09,111.031,34.822,Danielle,Tank photo = IMG_8929
ACR-7,ambient,7,3,TP4,Heatwave,20220411,IMG_8914,189.251,72.335,138.521,132.287,104.435,34.936,Danielle,Tank photo = IMG_8913
ACR-8,ambient,8,19,TP4,Heatwave,20220411,IMG_8961,199.694,69.33,133.961,156.516,128.753,48.663,Danielle,Tank photo = IMG_8959
ACR-9,ambient,9,21,TP4,Heatwave,20220411,IMG_8966,214.095,78.789,156.016,156.118,122.716,42.903,Danielle,Tank photo = IMG_8965
ACR-10,ambient,10,5,TP4,Heatwave,20220411,IMG_8919,204.871,76.141,155.135,167.693,132.135,43.445,Danielle,Tank photo = IMG_8918
ACR-11,ambient,11,1,TP4,Heatwave,20220411,IMG_8909,184.447,68.97,139.505,171.099,140.314,52.485,Danielle,Tank photo = IMG_8905
ACR-12,ambient,12,11,TP4,Heatwave,20220411,IMG_8936,191.319,64.839,136.668,149.2,120.061,47.332,Danielle,Tank photo = IMG_8935
ACR-13,hot,1,10,TP4,Heatwave,20220411,IMG_8933,222.616,88.98,168.776,211.2,184.352,99.58,Danielle,Tank photo = IMG_8932
ACR-14,hot,2,8,TP4,Heatwave,20220411,IMG_8928,182.465,61.129,129.661,170.279,142.742,63.699,Danielle,Tank photo = IMG_8926
ACR-15,hot,3,20,TP4,Heatwave,20220411,IMG_8964,206.952,80.718,162.607,197.925,170.643,80.179,Danielle,Tank photo = IMG_8963
ACR-16,hot,4,18,TP4,Heatwave,20220411,IMG_8958,203.195,78.845,161.217,213.731,189.009,103.755,Danielle,Tank photo = IMG_8956
ACR-17,hot,5,4,TP4,Heatwave,20220411,IMG_8917,168.108,51.892,115.912,171.446,139.068,54.141,Danielle,Tank photo = IMG_8915
ACR-18,hot,6,22,TP4,Heatwave,20220411,IMG_8971,202.699,71.97,145.791,185.068,152.45,60.568,Danielle,Tank photo = IMG_8969
ACR-19,hot,7,16,TP4,Heatwave,20220411,IMG_8950,202.243,69.756,147.679,199.575,167.23,74.977,Danielle,Tank photo = IMG_8948
ACR-20,hot,8,2,TP4,Heatwave,20220411,IMG_8912,178.895,61.04,128.177,203.463,180.188,102.256,Danielle,Tank photo = IMG_8910
ACR-21,hot,9,15,TP4,Heatwave,20220411,IMG_8947,236.314,104.567,190.897,193.36,161.265,77.228,Danielle,Tank photo = IMG_8945
ACR-22,hot,10,12,TP4,Heatwave,20220411,IMG_8938,208.9,74.513,164.298,202.032,166.896,72.93,Danielle,Tank photo = IMG_8937
ACR-23,hot,11,23,TP4,Heatwave,20220411,IMG_8973,201.285,69.88,151.774,176.768,134.16,40.53,Danielle,Tank photo = IMG_8972
ACR-24,hot,12,6,TP4,Heatwave,20220411,IMG_8923,184.071,66.466,137.724,161.214,128.394,48.014,Danielle,Tank photo = IMG_8921
ACR-1,ambient,1,17,TP4,Heatwave,20220412,IMG_4366,218.424,85.936,174.229,194.061,164.867,100.294,Danielle,Tank photo = IMG_4364
ACR-2,ambient,2,14,TP4,Heatwave,20220412,IMG_4357,220.887,83.869,181.759,163.011,135.573,73.89,Danielle,Tank photo = IMG_4356
ACR-3,ambient,3,7,TP4,Heatwave,20220412,IMG_4338,200.071,66.394,151.802,150.828,112.911,41.204,Danielle,Tank photo = IMG_4337
ACR-4,ambient,4,24,TP4,Heatwave,20220412,IMG_4387,203.012,73.115,151.178,164.676,132.784,54.465,Danielle,Tank photo = IMG_4385
ACR-5,ambient,5,13,TP4,Heatwave,20220412,IMG_4355,211.115,82.652,166.661,177.598,145.592,71.795,Danielle,Tank photo = IMG_4354
ACR-6,ambient,6,9,TP4,Heatwave,20220412,IMG_4343,217.093,87.704,169.715,126.929,96.788,32.08,Danielle,Tank photo = IMG_4342
ACR-7,ambient,7,3,TP4,Heatwave,20220412,IMG_4325,193.545,71.194,143.313,148.015,119.773,48.793,Danielle,Tank photo = IMG_4324
ACR-8,ambient,8,19,TP4,Heatwave,20220412,IMG_4371,191.353,64.985,136.906,183.883,153.508,65.566,Danielle,Tank photo = IMG_4370
ACR-9,ambient,9,21,TP4,Heatwave,20220412,IMG_4378,203.511,73.228,149.49,152.101,123.697,50.854,Danielle,Tank photo = IMG_4376
ACR-10,ambient,10,5,TP4,Heatwave,20220412,IMG_4331,203.405,72.439,157.748,159.63,130.839,57.172,Danielle,Tank photo = IMG_4330
ACR-11,ambient,11,1,TP4,Heatwave,20220412,IMG_4320,178.762,65.213,149.762,166.612,133.648,58.829,Danielle,Tank photo = IMG_4318
ACR-12,ambient,12,11,TP4,Heatwave,20220412,IMG_4349,174.565,59.166,147.907,127.135,102.383,44.196,Danielle,Tank photo = IMG_4348
ACR-13,hot,1,10,TP4,Heatwave,20220412,IMG_4347,189.374,67.624,147.368,194.134,163.908,83.811,Danielle,Tank photo = IMG_4345
ACR-14,hot,2,8,TP4,Heatwave,20220412,IMG_4340,181.007,63.047,133.782,198.765,174.649,93.358,Danielle,Tank photo = IMG_4339
ACR-15,hot,3,20,TP4,Heatwave,20220412,IMG_4375,225.288,95.467,191.429,210.393,185.18,114.517,Danielle,Tank photo = IMG_4373
ACR-16,hot,4,18,TP4,Heatwave,20220412,IMG_4368,197.579,73.937,159.701,203.248,174.25,96.205,Danielle,Tank photo = IMG_4367
ACR-17,hot,5,4,TP4,Heatwave,20220412,IMG_4329,149.304,47.885,102.471,157.607,127.279,50.628,Danielle,Tank photo = IMG_4327
ACR-18,hot,6,22,TP4,Heatwave,20220412,IMG_4380,189.417,62.475,134.984,183.553,154.277,68.771,Danielle,Tank photo = IMG_4379
ACR-19,hot,7,16,TP4,Heatwave,20220412,IMG_4363,201.2,69.678,146.204,195.037,167.05,84.256,Danielle,Tank photo = IMG_4361
ACR-20,hot,8,2,TP4,Heatwave,20220412,IMG_4322,176.643,59.443,126.519,192.356,172.127,99.741,Danielle,Tank photo = IMG_4321
ACR-21,hot,9,15,TP4,Heatwave,20220412,IMG_4359,220.886,88.27,182.564,177.662,150.062,88.94,Danielle,Tank photo = IMG_4358
ACR-22,hot,10,12,TP4,Heatwave,20220412,IMG_4353,184.742,64.693,144.979,186.055,151.43,68.216,Danielle,Tank photo = IMG_4351
ACR-23,hot,11,23,TP4,Heatwave,20220412,IMG_4383,199.947,72.081,155.452,177.501,138.829,54.104,Danielle,Tank photo = IMG_4382
ACR-24,hot,12,6,TP4,Heatwave,20220412,IMG_4335,182.858,62.294,148.069,159.053,124.972,54.874,Danielle,Tank photo = IMG_4334
ACR-1,ambient,1,17,TP4,Heatwave,20220413,IMG_9242,224.131,88.525,203.796,172.281,145.902,110.971,Danielle,Tank photo = IMG_9241
ACR-2,ambient,2,14,TP4,Heatwave,20220413,IMG_9235,224.821,87.322,191.341,175.255,146.369,76.258,Danielle,Tank photo = IMG_9233
ACR-3,ambient,3,7,TP4,Heatwave,20220413,IMG_9208,193.551,67.618,148.709,149.905,113.731,41.036,Danielle,Tank photo = IMG_9207
ACR-4,ambient,4,24,TP4,Heatwave,20220413,IMG_9265,217.587,83.284,165.832,169.207,136.161,51.063,Danielle,Tank photo = IMG_9263
ACR-5,ambient,5,13,TP4,Heatwave,20220413,IMG_9231,195.761,70.387,151.89,189.047,160.579,74.188,Danielle,"Tank photo = IMG_9229, standard ruler a bit blurry"
ACR-6,ambient,6,9,TP4,Heatwave,20220413,IMG_9215,199.566,71.239,147.155,135.155,105.366,39.785,Danielle,Tank photo = IMG_9213
ACR-7,ambient,7,3,TP4,Heatwave,20220413,IMG_9195,217.922,85.848,166.352,129.19,101.291,41.637,Danielle,Tank photo = IMG_9192
ACR-8,ambient,8,19,TP4,Heatwave,20220413,IMG_9247,178.231,65.895,140.489,119.435,99.018,43.663,Danielle,Tank photo = IMG_9246
ACR-9,ambient,9,21,TP4,Heatwave,20220413,IMG_9251,207.345,79.126,165.9,148.016,119.962,51.98,Danielle,Tank photo = IMG_9250
ACR-10,ambient,10,5,TP4,Heatwave,20220413,IMG_9203,200.361,67.952,144.345,185.599,153.505,67.13,Danielle,Tank photo = IMG_9200
ACR-11,ambient,11,1,TP4,Heatwave,20220413,IMG_9187,228.879,93.699,198.722,181.574,148.393,85.621,Danielle,Tank photo = IMG_9185
ACR-12,ambient,12,11,TP4,Heatwave,20220413,IMG_9220,169.411,48.934,138.338,156.098,131.395,67.325,Danielle,Tank photo = IMG_9219
ACR-13,hot,1,10,TP4,Heatwave,20220413,IMG_9217,215.291,77.438,166.092,182.731,159.811,92.395,Danielle,Tank photo = IMG_9216
ACR-14,hot,2,8,TP4,Heatwave,20220413,IMG_9212,180.513,61.136,133.884,193.741,171.045,88.645,Danielle,Tank photo = IMG_9209
ACR-15,hot,3,20,TP4,Heatwave,20220413,IMG_9249,212.747,86.621,186.03,190.691,167.525,95.351,Danielle,Tank photo = IMG_9248
ACR-16,hot,4,18,TP4,Heatwave,20220413,IMG_9245,208.983,78.03,176.387,184.424,163.395,99.503,Danielle,"Tank photo = IMG_9244, standard ruler a little blurry"
ACR-17,hot,5,4,TP4,Heatwave,20220413,IMG_9198,173.828,57.422,123.127,179.913,152.292,65.445,Danielle,Tank photo = IMG_9196
ACR-18,hot,6,22,TP4,Heatwave,20220413,IMG_9258,206.884,77.845,157.691,180.832,155.67,74.678,Danielle,Tank photo = IMG_9256
ACR-19,hot,7,16,TP4,Heatwave,20220413,IMG_9240,190.686,66.072,170.542,191.597,165.024,114.291,Danielle,Tank photo = IMG_9239
ACR-20,hot,8,2,TP4,Heatwave,20220413,IMG_9191,181.5,58.841,125.542,199.329,179.326,101.916,Danielle,Tank photo = IMG_9188
ACR-21,hot,9,15,TP4,Heatwave,20220413,IMG_9237,219.67,84.122,192.803,161.648,130.433,72.72,Danielle,Tank photo = IMG_9236
ACR-22,hot,10,12,TP4,Heatwave,20220413,IMG_9224,198.962,69.554,164.67,192.075,160.727,85.23,Danielle,Tank photo = IMG_9222
ACR-23,hot,11,23,TP4,Heatwave,20220413,IMG_9262,188.854,64.935,148.314,187.444,147.211,51.065,Danielle,Tank photo = IMG_9259
ACR-24,hot,12,6,TP4,Heatwave,20220413,IMG_9206,172.378,57.069,130.619,169.202,137.759,62.259,Danielle,Tank photo = IMG_9204
ACR-1,ambient,1,17,TP4,Heatwave,20220414,IMG_4526,208.399,81.322,190.412,150.537,119.242,77.391,Danielle,Tank photo = IMG_4524
ACR-2,ambient,2,14,TP4,Heatwave,20220414,IMG_4518,226.888,96.761,215.867,151.07,130.45,92.839,Danielle,Tank photo = IMG_4516
ACR-3,ambient,3,7,TP4,Heatwave,20220414,IMG_4499,172.564,71.649,145.794,130.592,106.111,77.782,Danielle,Tank photo = IMG_4497
ACR-4,ambient,4,24,TP4,Heatwave,20220414,IMG_4551,218.787,85.739,188.189,136.433,105.228,63.344,Danielle,Tank photo = IMG_4549
ACR-5,ambient,5,13,TP4,Heatwave,20220414,IMG_4515,190.967,67.103,178.114,135.769,115.446,76.336,Danielle,Tank photo = IMG_4511
ACR-6,ambient,6,9,TP4,Heatwave,20220414,IMG_4493,201.169,75.58,170.604,147.764,118.038,82.308,Danielle,Tank photo = IMG_4491
ACR-7,ambient,7,3,TP4,Heatwave,20220414,IMG_4477,207.383,83.905,177.08,149.657,121.803,83.22,Danielle,Tank photo = IMG_4476
ACR-8,ambient,8,19,TP4,Heatwave,20220414,IMG_4532,198.491,67.17,175.6,178.613,154.436,114.065,Danielle,Tank photo = IMG_4530
ACR-9,ambient,9,21,TP4,Heatwave,20220414,IMG_4539,204.644,74.77,177.312,151.57,123.856,79.585,Danielle,Tank photo = IMG_4537
ACR-10,ambient,10,5,TP4,Heatwave,20220414,IMG_4487,185.357,72.618,161.414,160.78,134.518,96.393,Danielle,Tank photo = IMG_4485
ACR-11,ambient,11,1,TP4,Heatwave,20220414,IMG_4469,185.158,65.575,164.603,143.772,117.593,79.111,Danielle,Tank photo = IMG_4467
ACR-12,ambient,12,11,TP4,Heatwave,20220414,IMG_4506,185.581,67.835,168.924,151.315,124.442,83.868,Danielle,Tank photo = IMG_4503
ACR-13,hot,1,10,TP4,Heatwave,20220414,IMG_4490,216.788,89.075,199.767,195.572,171.675,130.772,Danielle,Tank photo = IMG_4488
ACR-14,hot,2,8,TP4,Heatwave,20220414,IMG_4496,173.793,55.948,147.09,181.195,157.294,125.921,Danielle,Tank photo = IMG_4494
ACR-15,hot,3,20,TP4,Heatwave,20220414,IMG_4535,210.734,92.802,205.693,202.764,183.55,135.741,Danielle,Tank photo = IMG_4533
ACR-16,hot,4,18,TP4,Heatwave,20220414,IMG_4528,208.318,73.933,175.58,207.511,179.532,131.981,Danielle,Tank photo = IMG_4527
ACR-17,hot,5,4,TP4,Heatwave,20220414,IMG_4483,166.243,54.154,143.464,173.711,144.754,96.896,Danielle,Tank photo = IMG_4481
ACR-18,hot,6,22,TP4,Heatwave,20220414,IMG_4542,196.144,64.188,163.713,167.561,134.897,87.314,Danielle,Tank photo = IMG_4540
ACR-19,hot,7,16,TP4,Heatwave,20220414,IMG_4523,171.555,55.205,161.973,177.118,153.093,105.787,Danielle,Tank photo = IMG_4522
ACR-20,hot,8,2,TP4,Heatwave,20220414,IMG_4474,189.366,61.671,158.711,203.541,179.485,155.733,Danielle,Tank photo = IMG_4470
ACR-21,hot,9,15,TP4,Heatwave,20220414,IMG_4521,208.846,80.84,191.603,191.768,167.344,114.304,Danielle,Tank photo = IMG_4519
ACR-22,hot,10,12,TP4,Heatwave,20220414,IMG_4510,201.704,71.034,175.054,180.724,144.141,93.276,Danielle,Tank photo = IMG_4509
ACR-23,hot,11,23,TP4,Heatwave,20220414,IMG_4547,191.773,62.919,166.301,173.014,132.034,73.985,Danielle,Tank photo = IMG_4543
ACR-24,hot,12,6,TP4,Heatwave,20220414,IMG_4501,169.351,63.567,152.234,164.82,139.055,104.957,Danielle,Tank photo = IMG_4500
ACR-1,ambient,1,17,TP4,Heatwave,20220416,,,,,,,,Danielle,
ACR-2,ambient,2,14,TP4,Heatwave,20220416,,,,,,,,Danielle,
ACR-3,ambient,3,7,TP4,Heatwave,20220416,,,,,,,,Danielle,
ACR-4,ambient,4,24,TP4,Heatwave,20220416,,,,,,,,Danielle,
ACR-5,ambient,5,13,TP4,Heatwave,20220416,,,,,,,,Danielle,
ACR-6,ambient,6,9,TP4,Heatwave,20220416,,,,,,,,Danielle,
ACR-7,ambient,7,3,TP4,Heatwave,20220416,,,,,,,,Danielle,
ACR-8,ambient,8,19,TP4,Heatwave,20220416,,,,,,,,Danielle,
ACR-9,ambient,9,21,TP4,Heatwave,20220416,,,,,,,,Danielle,
ACR-10,ambient,10,5,TP4,Heatwave,20220416,,,,,,,,Danielle,
ACR-11,ambient,11,1,TP4,Heatwave,20220416,,,,,,,,Danielle,
ACR-12,ambient,12,11,TP4,Heatwave,20220416,,,,,,,,Danielle,
ACR-13,hot,1,10,TP4,Heatwave,20220416,,,,,,,,Danielle,
ACR-14,hot,2,8,TP4,Heatwave,20220416,,,,,,,,Danielle,
ACR-15,hot,3,20,TP4,Heatwave,20220416,,,,,,,,Danielle,
ACR-16,hot,4,18,TP4,Heatwave,20220416,,,,,,,,Danielle,
ACR-17,hot,5,4,TP4,Heatwave,20220416,,,,,,,,Danielle,
ACR-18,hot,6,22,TP4,Heatwave,20220416,,,,,,,,Danielle,
ACR-19,hot,7,16,TP4,Heatwave,20220416,,,,,,,,Danielle,
ACR-20,hot,8,2,TP4,Heatwave,20220416,,,,,,,,Danielle,
ACR-21,hot,9,15,TP4,Heatwave,20220416,,,,,,,,Danielle,
ACR-22,hot,10,12,TP4,Heatwave,20220416,,,,,,,,Danielle,
ACR-23,hot,11,23,TP4,Heatwave,20220416,,,,,,,,Danielle,
ACR-24,hot,12,6,TP4,Heatwave,20220416,,,,,,,,Danielle,