site,Date,Time,reef.type,temp
Tanks,3/20/19,0:00,tanks,28.7
Tanks,3/20/19,0:20,tanks,28.7
Tanks,3/20/19,0:40,tanks,28.7
Tanks,3/20/19,1:00,tanks,28.7
Tanks,3/20/19,1:20,tanks,28.7
Tanks,3/20/19,1:40,tanks,28.7
Tanks,3/20/19,2:00,tanks,28.7
Tanks,3/20/19,2:20,tanks,28.7
Tanks,3/20/19,2:40,tanks,28.7
Tanks,3/20/19,3:00,tanks,28.7
Tanks,3/20/19,3:20,tanks,28.7
Tanks,3/20/19,3:40,tanks,28.7
Tanks,3/20/19,4:00,tanks,28.7
Tanks,3/20/19,4:20,tanks,28.8
Tanks,3/20/19,4:40,tanks,28.8
Tanks,3/20/19,5:00,tanks,28.8
Tanks,3/20/19,5:20,tanks,28.8
Tanks,3/20/19,5:40,tanks,28.9
Tanks,3/20/19,6:00,tanks,28.9
Tanks,3/20/19,6:20,tanks,28.9
Tanks,3/20/19,6:40,tanks,28.9
Tanks,3/20/19,7:00,tanks,28.9
Tanks,3/20/19,7:20,tanks,28.9
Tanks,3/20/19,7:40,tanks,29
Tanks,3/20/19,8:00,tanks,29
Tanks,3/20/19,8:20,tanks,29
Tanks,3/20/19,8:40,tanks,29
Tanks,3/20/19,9:00,tanks,29.1
Tanks,3/20/19,9:20,tanks,29.1
Tanks,3/20/19,9:40,tanks,29.1
Tanks,3/20/19,10:00,tanks,29.1
Tanks,3/20/19,10:20,tanks,29.2
Tanks,3/20/19,10:40,tanks,29.2
Tanks,3/20/19,11:00,tanks,29.2
Tanks,3/20/19,11:20,tanks,29.2
Tanks,3/20/19,11:40,tanks,29.2
Tanks,3/20/19,12:00,tanks,29.3
Tanks,3/20/19,12:20,tanks,29.3
Tanks,3/20/19,12:40,tanks,29.4
Tanks,3/20/19,13:00,tanks,29.4
Tanks,3/20/19,13:20,tanks,29.4
Tanks,3/20/19,13:40,tanks,29.4
Tanks,3/20/19,14:00,tanks,29.4
Tanks,3/20/19,14:20,tanks,29.4
Tanks,3/20/19,14:40,tanks,29.4
Tanks,3/20/19,15:00,tanks,29.4
Tanks,3/20/19,15:20,tanks,29.4
Tanks,3/20/19,15:40,tanks,29.3
Tanks,3/20/19,16:00,tanks,29.3
Tanks,3/20/19,16:20,tanks,29.3
Tanks,3/20/19,16:40,tanks,29.3
Tanks,3/20/19,17:00,tanks,29.3
Tanks,3/20/19,17:20,tanks,29.2
Tanks,3/20/19,17:40,tanks,29.2
Tanks,3/20/19,18:00,tanks,29.2
Tanks,3/20/19,18:20,tanks,29.2
Tanks,3/20/19,18:40,tanks,29.2
Tanks,3/20/19,19:00,tanks,29.2
Tanks,3/20/19,19:20,tanks,29.1
Tanks,3/20/19,19:40,tanks,29.1
Tanks,3/20/19,20:00,tanks,29.1
Tanks,3/20/19,20:20,tanks,29.1
Tanks,3/20/19,20:40,tanks,29
Tanks,3/20/19,21:00,tanks,29
Tanks,3/20/19,21:20,tanks,29
Tanks,3/20/19,21:40,tanks,29
Tanks,3/20/19,22:00,tanks,28.9
Tanks,3/20/19,22:20,tanks,28.9
Tanks,3/20/19,22:40,tanks,28.8
Tanks,3/20/19,23:00,tanks,28.8
Tanks,3/20/19,23:20,tanks,28.7
Tanks,3/20/19,23:40,tanks,28.7
Tanks,3/21/19,0:00,tanks,28.8
Tanks,3/21/19,0:20,tanks,28.8
Tanks,3/21/19,0:40,tanks,28.8
Tanks,3/21/19,1:00,tanks,28.8
Tanks,3/21/19,1:20,tanks,28.8
Tanks,3/21/19,1:40,tanks,28.8
Tanks,3/21/19,2:00,tanks,28.8
Tanks,3/21/19,2:20,tanks,28.8
Tanks,3/21/19,2:40,tanks,28.8
Tanks,3/21/19,3:00,tanks,28.9
Tanks,3/21/19,3:20,tanks,28.9
Tanks,3/21/19,3:40,tanks,28.9
Tanks,3/21/19,4:00,tanks,29
Tanks,3/21/19,4:20,tanks,29
Tanks,3/21/19,4:40,tanks,29
Tanks,3/21/19,5:00,tanks,29
Tanks,3/21/19,5:20,tanks,29
Tanks,3/21/19,5:40,tanks,29.1
Tanks,3/21/19,6:00,tanks,29.1
Tanks,3/21/19,6:20,tanks,29.1
Tanks,3/21/19,6:40,tanks,29.1
Tanks,3/21/19,7:00,tanks,29.1
Tanks,3/21/19,7:20,tanks,29.2
Tanks,3/21/19,7:40,tanks,29.2
Tanks,3/21/19,8:00,tanks,29.2
Tanks,3/21/19,8:20,tanks,29.2
Tanks,3/21/19,8:40,tanks,29.2
Tanks,3/21/19,9:00,tanks,29.2
Tanks,3/21/19,9:20,tanks,29.3
Tanks,3/21/19,9:40,tanks,29.3
Tanks,3/21/19,10:00,tanks,29.3
Tanks,3/21/19,10:20,tanks,29.3
Tanks,3/21/19,10:40,tanks,29.3
Tanks,3/21/19,11:00,tanks,29.3
Tanks,3/21/19,11:20,tanks,29.4
Tanks,3/21/19,11:40,tanks,29.4
Tanks,3/21/19,12:00,tanks,29.4
Tanks,3/21/19,12:20,tanks,29.4
Tanks,3/21/19,12:40,tanks,29.4
Tanks,3/21/19,13:00,tanks,29.4
Tanks,3/21/19,13:20,tanks,29.5
Tanks,3/21/19,13:40,tanks,29.5
Tanks,3/21/19,14:00,tanks,29.5
Tanks,3/21/19,14:20,tanks,29.5
Tanks,3/21/19,14:40,tanks,29.5
Tanks,3/21/19,15:00,tanks,29.5
Tanks,3/21/19,15:20,tanks,29.5
Tanks,3/21/19,15:40,tanks,29.4
Tanks,3/21/19,16:00,tanks,29.4
Tanks,3/21/19,16:20,tanks,29.4
Tanks,3/21/19,16:40,tanks,29.4
Tanks,3/21/19,17:00,tanks,29.4
Tanks,3/21/19,17:20,tanks,29.4
Tanks,3/21/19,17:40,tanks,29.3
Tanks,3/21/19,18:00,tanks,29.3
Tanks,3/21/19,18:20,tanks,29.3
Tanks,3/21/19,18:40,tanks,29.2
Tanks,3/21/19,19:00,tanks,29.2
Tanks,3/21/19,19:20,tanks,29.2
Tanks,3/21/19,19:40,tanks,29.2
Tanks,3/21/19,20:00,tanks,29.2
Tanks,3/21/19,20:20,tanks,29.2
Tanks,3/21/19,20:40,tanks,29.1
Tanks,3/21/19,21:00,tanks,29.1
Tanks,3/21/19,21:20,tanks,29.1
Tanks,3/21/19,21:40,tanks,29.1
Tanks,3/21/19,22:00,tanks,29
Tanks,3/21/19,22:20,tanks,29
Tanks,3/21/19,22:40,tanks,29
Tanks,3/21/19,23:00,tanks,28.9
Tanks,3/21/19,23:20,tanks,28.8
Tanks,3/21/19,23:40,tanks,28.8
Tanks,3/22/19,0:00,tanks,28.9
Tanks,3/22/19,0:20,tanks,28.9
Tanks,3/22/19,0:40,tanks,28.9
Tanks,3/22/19,1:00,tanks,28.9
Tanks,3/22/19,1:20,tanks,28.9
Tanks,3/22/19,1:40,tanks,28.9
Tanks,3/22/19,2:00,tanks,28.9
Tanks,3/22/19,2:20,tanks,28.9
Tanks,3/22/19,2:40,tanks,28.9
Tanks,3/22/19,3:00,tanks,28.9
Tanks,3/22/19,3:20,tanks,29
Tanks,3/22/19,3:40,tanks,29
Tanks,3/22/19,4:00,tanks,29
Tanks,3/22/19,4:20,tanks,29
Tanks,3/22/19,4:40,tanks,29
Tanks,3/22/19,5:00,tanks,29
Tanks,3/22/19,5:20,tanks,29
Tanks,3/22/19,5:40,tanks,29.1
Tanks,3/22/19,6:00,tanks,29.1
Tanks,3/22/19,6:20,tanks,29.1
Tanks,3/22/19,6:40,tanks,29.1
Tanks,3/22/19,7:00,tanks,29.1
Tanks,3/22/19,7:20,tanks,29.1
Tanks,3/22/19,7:40,tanks,29.1
Tanks,3/22/19,8:00,tanks,29.1
Tanks,3/22/19,8:20,tanks,29.1
Tanks,3/22/19,8:40,tanks,29.1
Tanks,3/22/19,9:00,tanks,29.1
Tanks,3/22/19,9:20,tanks,29.2
Tanks,3/22/19,9:40,tanks,29.2
Tanks,3/22/19,10:00,tanks,29.2
Tanks,3/22/19,10:20,tanks,29.2
Tanks,3/22/19,10:40,tanks,29.3
Tanks,3/22/19,11:00,tanks,29.3
Tanks,3/22/19,11:20,tanks,29.3
Tanks,3/22/19,11:40,tanks,29.3
Tanks,3/22/19,12:00,tanks,29.3
Tanks,3/22/19,12:20,tanks,29.3
Tanks,3/22/19,12:40,tanks,29.4
Tanks,3/22/19,13:00,tanks,29.4
Tanks,3/22/19,13:20,tanks,29.4
Tanks,3/22/19,13:40,tanks,29.4
Tanks,3/22/19,14:00,tanks,29.4
Tanks,3/22/19,14:20,tanks,29.4
Tanks,3/22/19,14:40,tanks,29.5
Tanks,3/22/19,15:00,tanks,29.5
Tanks,3/22/19,15:20,tanks,29.5
Tanks,3/22/19,15:40,tanks,29.5
Tanks,3/22/19,16:00,tanks,29.5
Tanks,3/22/19,16:20,tanks,29.4
Tanks,3/22/19,16:40,tanks,29.4
Tanks,3/22/19,17:00,tanks,29.4
Tanks,3/22/19,17:20,tanks,29.4
Tanks,3/22/19,17:40,tanks,29.4
Tanks,3/22/19,18:00,tanks,29.3
Tanks,3/22/19,18:20,tanks,29.3
Tanks,3/22/19,18:40,tanks,29.3
Tanks,3/22/19,19:00,tanks,29.3
Tanks,3/22/19,19:20,tanks,29.3
Tanks,3/22/19,19:40,tanks,29.3
Tanks,3/22/19,20:00,tanks,29.2
Tanks,3/22/19,20:20,tanks,29.2
Tanks,3/22/19,20:40,tanks,29.2
Tanks,3/22/19,21:00,tanks,29.2
Tanks,3/22/19,21:20,tanks,29.2
Tanks,3/22/19,21:40,tanks,29.2
Tanks,3/22/19,22:00,tanks,29.1
Tanks,3/22/19,22:20,tanks,29.1
Tanks,3/22/19,22:40,tanks,29.1
Tanks,3/22/19,23:00,tanks,29.1
Tanks,3/22/19,23:20,tanks,29
Tanks,3/22/19,23:40,tanks,28.9
Tanks,3/23/19,0:00,tanks,29
Tanks,3/23/19,0:20,tanks,29
Tanks,3/23/19,0:40,tanks,29
Tanks,3/23/19,1:00,tanks,29
Tanks,3/23/19,1:20,tanks,29
Tanks,3/23/19,1:40,tanks,29.1
Tanks,3/23/19,2:00,tanks,29.1
Tanks,3/23/19,2:20,tanks,29.1
Tanks,3/23/19,2:40,tanks,29.1
Tanks,3/23/19,3:00,tanks,29.1
Tanks,3/23/19,3:20,tanks,29.2
Tanks,3/23/19,3:40,tanks,29.2
Tanks,3/23/19,4:00,tanks,29.2
Tanks,3/23/19,4:20,tanks,29.2
Tanks,3/23/19,4:40,tanks,29.2
Tanks,3/23/19,5:00,tanks,29.2
Tanks,3/23/19,5:20,tanks,29.3
Tanks,3/23/19,5:40,tanks,29.3
Tanks,3/23/19,6:00,tanks,29.3
Tanks,3/23/19,6:20,tanks,29.3
Tanks,3/23/19,6:40,tanks,29.3
Tanks,3/23/19,7:00,tanks,29.4
Tanks,3/23/19,7:20,tanks,29.4
Tanks,3/23/19,7:40,tanks,29.4
Tanks,3/23/19,8:00,tanks,29.4
Tanks,3/23/19,8:20,tanks,29.4
Tanks,3/23/19,8:40,tanks,29.4
Tanks,3/23/19,9:00,tanks,29.4
Tanks,3/23/19,9:20,tanks,29.4
Tanks,3/23/19,9:40,tanks,29.4
Tanks,3/23/19,10:00,tanks,29.5
Tanks,3/23/19,10:20,tanks,29.5
Tanks,3/23/19,10:40,tanks,29.5
Tanks,3/23/19,11:00,tanks,29.5
Tanks,3/23/19,11:20,tanks,29.5
Tanks,3/23/19,11:40,tanks,29.5
Tanks,3/23/19,12:00,tanks,29.5
Tanks,3/23/19,12:20,tanks,29.5
Tanks,3/23/19,12:40,tanks,29.6
Tanks,3/23/19,13:00,tanks,29.6
Tanks,3/23/19,13:20,tanks,29.6
Tanks,3/23/19,13:40,tanks,29.6
Tanks,3/23/19,14:00,tanks,29.5
Tanks,3/23/19,14:20,tanks,29.5
Tanks,3/23/19,14:40,tanks,29.5
Tanks,3/23/19,15:00,tanks,29.5
Tanks,3/23/19,15:20,tanks,29.4
Tanks,3/23/19,15:40,tanks,29.4
Tanks,3/23/19,16:00,tanks,29.4
Tanks,3/23/19,16:20,tanks,29.4
Tanks,3/23/19,16:40,tanks,29.4
Tanks,3/23/19,17:00,tanks,29.3
Tanks,3/23/19,17:20,tanks,29.3
Tanks,3/23/19,17:40,tanks,29.3
Tanks,3/23/19,18:00,tanks,29.3
Tanks,3/23/19,18:20,tanks,29.3
Tanks,3/23/19,18:40,tanks,29.2
Tanks,3/23/19,19:00,tanks,29.2
Tanks,3/23/19,19:20,tanks,29.2
Tanks,3/23/19,19:40,tanks,29.2
Tanks,3/23/19,20:00,tanks,29.2
Tanks,3/23/19,20:20,tanks,29.2
Tanks,3/23/19,20:40,tanks,29.1
Tanks,3/23/19,21:00,tanks,29.1
Tanks,3/23/19,21:20,tanks,29.1
Tanks,3/23/19,21:40,tanks,29.1
Tanks,3/23/19,22:00,tanks,29.1
Tanks,3/23/19,22:20,tanks,29
Tanks,3/23/19,22:40,tanks,29
Tanks,3/23/19,23:00,tanks,29
Tanks,3/23/19,23:20,tanks,29
Tanks,3/23/19,23:40,tanks,29
Tanks,3/24/19,0:00,tanks,29.1
Tanks,3/24/19,0:20,tanks,29.1
Tanks,3/24/19,0:40,tanks,29.1
Tanks,3/24/19,1:00,tanks,29.1
Tanks,3/24/19,1:20,tanks,29.1
Tanks,3/24/19,1:40,tanks,29.1
Tanks,3/24/19,2:00,tanks,29.2
Tanks,3/24/19,2:20,tanks,29.2
Tanks,3/24/19,2:40,tanks,29.2
Tanks,3/24/19,3:00,tanks,29.2
Tanks,3/24/19,3:20,tanks,29.2
Tanks,3/24/19,3:40,tanks,29.3
Tanks,3/24/19,4:00,tanks,29.3
Tanks,3/24/19,4:20,tanks,29.3
Tanks,3/24/19,4:40,tanks,29.3
Tanks,3/24/19,5:00,tanks,29.3
Tanks,3/24/19,5:20,tanks,29.3
Tanks,3/24/19,5:40,tanks,29.4
Tanks,3/24/19,6:00,tanks,29.4
Tanks,3/24/19,6:20,tanks,29.4
Tanks,3/24/19,6:40,tanks,29.4
Tanks,3/24/19,7:00,tanks,29.4
Tanks,3/24/19,7:20,tanks,29.5
Tanks,3/24/19,7:40,tanks,29.5
Tanks,3/24/19,8:00,tanks,29.5
Tanks,3/24/19,8:20,tanks,29.5
Tanks,3/24/19,8:40,tanks,29.5
Tanks,3/24/19,9:00,tanks,29.5
Tanks,3/24/19,9:20,tanks,29.6
Tanks,3/24/19,9:40,tanks,29.6
Tanks,3/24/19,10:00,tanks,29.6
Tanks,3/24/19,10:20,tanks,29.6
Tanks,3/24/19,10:40,tanks,29.6
Tanks,3/24/19,11:00,tanks,29.6
Tanks,3/24/19,11:20,tanks,29.6
Tanks,3/24/19,11:40,tanks,29.6
Tanks,3/24/19,12:00,tanks,29.6
Tanks,3/24/19,12:20,tanks,29.6
Tanks,3/24/19,12:40,tanks,29.7
Tanks,3/24/19,13:00,tanks,29.7
Tanks,3/24/19,13:20,tanks,29.7
Tanks,3/24/19,13:40,tanks,29.7
Tanks,3/24/19,14:00,tanks,29.7
Tanks,3/24/19,14:20,tanks,29.6
Tanks,3/24/19,14:40,tanks,29.6
Tanks,3/24/19,15:00,tanks,29.6
Tanks,3/24/19,15:20,tanks,29.6
Tanks,3/24/19,15:40,tanks,29.6
Tanks,3/24/19,16:00,tanks,29.5
Tanks,3/24/19,16:20,tanks,29.5
Tanks,3/24/19,16:40,tanks,29.5
Tanks,3/24/19,17:00,tanks,29.5
Tanks,3/24/19,17:20,tanks,29.4
Tanks,3/24/19,17:40,tanks,29.4
Tanks,3/24/19,18:00,tanks,29.4
Tanks,3/24/19,18:20,tanks,29.4
Tanks,3/24/19,18:40,tanks,29.3
Tanks,3/24/19,19:00,tanks,29.3
Tanks,3/24/19,19:20,tanks,29.3
Tanks,3/24/19,19:40,tanks,29.2
Tanks,3/24/19,20:00,tanks,29.2
Tanks,3/24/19,20:20,tanks,29.2
Tanks,3/24/19,20:40,tanks,29.1
Tanks,3/24/19,21:00,tanks,29.1
Tanks,3/24/19,21:20,tanks,29.1
Tanks,3/24/19,21:40,tanks,29.1
Tanks,3/24/19,22:00,tanks,29.1
Tanks,3/24/19,22:20,tanks,29.1
Tanks,3/24/19,22:40,tanks,29.1
Tanks,3/24/19,23:00,tanks,29.1
Tanks,3/24/19,23:20,tanks,29.1
Tanks,3/24/19,23:40,tanks,29.1
Tanks,3/25/19,0:00,tanks,29.2
Tanks,3/25/19,0:20,tanks,29.2
Tanks,3/25/19,0:40,tanks,29.2
Tanks,3/25/19,1:00,tanks,29.2
Tanks,3/25/19,1:20,tanks,29.2
Tanks,3/25/19,1:40,tanks,29.2
Tanks,3/25/19,2:00,tanks,29.2
Tanks,3/25/19,2:20,tanks,29.2
Tanks,3/25/19,2:40,tanks,29.2
Tanks,3/25/19,3:00,tanks,29.2
Tanks,3/25/19,3:20,tanks,29.3
Tanks,3/25/19,3:40,tanks,29.3
Tanks,3/25/19,4:00,tanks,29.3
Tanks,3/25/19,4:20,tanks,29.3
Tanks,3/25/19,4:40,tanks,29.3
Tanks,3/25/19,5:00,tanks,29.3
Tanks,3/25/19,5:20,tanks,29.3
Tanks,3/25/19,5:40,tanks,29.3
Tanks,3/25/19,6:00,tanks,29.4
Tanks,3/25/19,6:20,tanks,29.4
Tanks,3/25/19,6:40,tanks,29.4
Tanks,3/25/19,7:00,tanks,29.4
Tanks,3/25/19,7:20,tanks,29.4
Tanks,3/25/19,7:40,tanks,29.4
Tanks,3/25/19,8:00,tanks,29.4
Tanks,3/25/19,8:20,tanks,29.5
Tanks,3/25/19,8:40,tanks,29.5
Tanks,3/25/19,9:00,tanks,29.5
Tanks,3/25/19,9:20,tanks,29.5
Tanks,3/25/19,9:40,tanks,29.5
Tanks,3/25/19,10:00,tanks,29.5
Tanks,3/25/19,10:20,tanks,29.6
Tanks,3/25/19,10:40,tanks,29.6
Tanks,3/25/19,11:00,tanks,29.6
Tanks,3/25/19,11:20,tanks,29.6
Tanks,3/25/19,11:40,tanks,29.7
Tanks,3/25/19,12:00,tanks,29.7
Tanks,3/25/19,12:20,tanks,29.7
Tanks,3/25/19,12:40,tanks,29.7
Tanks,3/25/19,13:00,tanks,29.8
Tanks,3/25/19,13:20,tanks,29.8
Tanks,3/25/19,13:40,tanks,29.8
Tanks,3/25/19,14:00,tanks,29.8
Tanks,3/25/19,14:20,tanks,29.8
Tanks,3/25/19,14:40,tanks,29.8
Tanks,3/25/19,15:00,tanks,29.7
Tanks,3/25/19,15:20,tanks,29.7
Tanks,3/25/19,15:40,tanks,29.7
Tanks,3/25/19,16:00,tanks,29.7
Tanks,3/25/19,16:20,tanks,29.6
Tanks,3/25/19,16:40,tanks,29.6
Tanks,3/25/19,17:00,tanks,29.6
Tanks,3/25/19,17:20,tanks,29.6
Tanks,3/25/19,17:40,tanks,29.6
Tanks,3/25/19,18:00,tanks,29.5
Tanks,3/25/19,18:20,tanks,29.5
Tanks,3/25/19,18:40,tanks,29.5
Tanks,3/25/19,19:00,tanks,29.5
Tanks,3/25/19,19:20,tanks,29.5
Tanks,3/25/19,19:40,tanks,29.4
Tanks,3/25/19,20:00,tanks,29.4
Tanks,3/25/19,20:20,tanks,29.4
Tanks,3/25/19,20:40,tanks,29.4
Tanks,3/25/19,21:00,tanks,29.3
Tanks,3/25/19,21:20,tanks,29.3
Tanks,3/25/19,21:40,tanks,29.3
Tanks,3/25/19,22:00,tanks,29.2
Tanks,3/25/19,22:20,tanks,29.2
Tanks,3/25/19,22:40,tanks,29.2
Tanks,3/25/19,23:00,tanks,29.2
Tanks,3/25/19,23:20,tanks,29.2
Tanks,3/25/19,23:40,tanks,29.2
Tanks,3/26/19,0:00,tanks,29.3
Tanks,3/26/19,0:20,tanks,29.3
Tanks,3/26/19,0:40,tanks,29.3
Tanks,3/26/19,1:00,tanks,29.3
Tanks,3/26/19,1:20,tanks,29.3
Tanks,3/26/19,1:40,tanks,29.3
Tanks,3/26/19,2:00,tanks,29.3
Tanks,3/26/19,2:20,tanks,29.3
Tanks,3/26/19,2:40,tanks,29.3
Tanks,3/26/19,3:00,tanks,29.3
Tanks,3/26/19,3:20,tanks,29.3
Tanks,3/26/19,3:40,tanks,29.3
Tanks,3/26/19,4:00,tanks,29.3
Tanks,3/26/19,4:20,tanks,29.3
Tanks,3/26/19,4:40,tanks,29.4
Tanks,3/26/19,5:00,tanks,29.4
Tanks,3/26/19,5:20,tanks,29.4
Tanks,3/26/19,5:40,tanks,29.4
Tanks,3/26/19,6:00,tanks,29.4
Tanks,3/26/19,6:20,tanks,29.4
Tanks,3/26/19,6:40,tanks,29.4
Tanks,3/26/19,7:00,tanks,29.4
Tanks,3/26/19,7:20,tanks,29.4
Tanks,3/26/19,7:40,tanks,29.4
Tanks,3/26/19,8:00,tanks,29.5
Tanks,3/26/19,8:20,tanks,29.5
Tanks,3/26/19,8:40,tanks,29.5
Tanks,3/26/19,9:00,tanks,29.5
Tanks,3/26/19,9:20,tanks,29.5
Tanks,3/26/19,9:40,tanks,29.5
Tanks,3/26/19,10:00,tanks,29.6
Tanks,3/26/19,10:20,tanks,29.6
Tanks,3/26/19,10:40,tanks,29.6
Tanks,3/26/19,11:00,tanks,29.6
Tanks,3/26/19,11:20,tanks,29.6
Tanks,3/26/19,11:40,tanks,29.7
Tanks,3/26/19,12:00,tanks,29.7
Tanks,3/26/19,12:20,tanks,29.7
Tanks,3/26/19,12:40,tanks,29.8
Tanks,3/26/19,13:00,tanks,29.8
Tanks,3/26/19,13:20,tanks,29.8
Tanks,3/26/19,13:40,tanks,29.8
Tanks,3/26/19,14:00,tanks,29.8
Tanks,3/26/19,14:20,tanks,29.8
Tanks,3/26/19,14:40,tanks,29.7
Tanks,3/26/19,15:00,tanks,29.7
Tanks,3/26/19,15:20,tanks,29.7
Tanks,3/26/19,15:40,tanks,29.7
Tanks,3/26/19,16:00,tanks,29.7
Tanks,3/26/19,16:20,tanks,29.6
Tanks,3/26/19,16:40,tanks,29.6
Tanks,3/26/19,17:00,tanks,29.6
Tanks,3/26/19,17:20,tanks,29.6
Tanks,3/26/19,17:40,tanks,29.6
Tanks,3/26/19,18:00,tanks,29.6
Tanks,3/26/19,18:20,tanks,29.6
Tanks,3/26/19,18:40,tanks,29.5
Tanks,3/26/19,19:00,tanks,29.5
Tanks,3/26/19,19:20,tanks,29.5
Tanks,3/26/19,19:40,tanks,29.5
Tanks,3/26/19,20:00,tanks,29.5
Tanks,3/26/19,20:20,tanks,29.5
Tanks,3/26/19,20:40,tanks,29.4
Tanks,3/26/19,21:00,tanks,29.4
Tanks,3/26/19,21:20,tanks,29.4
Tanks,3/26/19,21:40,tanks,29.4
Tanks,3/26/19,22:00,tanks,29.4
Tanks,3/26/19,22:20,tanks,29.4
Tanks,3/26/19,22:40,tanks,29.3
Tanks,3/26/19,23:00,tanks,29.3
Tanks,3/26/19,23:20,tanks,29.3
Tanks,3/26/19,23:40,tanks,29.3
Tanks,3/27/19,0:00,tanks,29.4
Tanks,3/27/19,0:20,tanks,29.4
Tanks,3/27/19,0:40,tanks,29.4
Tanks,3/27/19,1:00,tanks,29.4
Tanks,3/27/19,1:20,tanks,29.4
Tanks,3/27/19,1:40,tanks,29.4
Tanks,3/27/19,2:00,tanks,29.4
Tanks,3/27/19,2:20,tanks,29.4
Tanks,3/27/19,2:40,tanks,29.4
Tanks,3/27/19,3:00,tanks,29.4
Tanks,3/27/19,3:20,tanks,29.5
Tanks,3/27/19,3:40,tanks,29.5
Tanks,3/27/19,4:00,tanks,29.5
Tanks,3/27/19,4:20,tanks,29.5
Tanks,3/27/19,4:40,tanks,29.5
Tanks,3/27/19,5:00,tanks,29.5
Tanks,3/27/19,5:20,tanks,29.5
Tanks,3/27/19,5:40,tanks,29.5
Tanks,3/27/19,6:00,tanks,29.5
Tanks,3/27/19,6:20,tanks,29.5
Tanks,3/27/19,6:40,tanks,29.6
Tanks,3/27/19,7:00,tanks,29.6
Tanks,3/27/19,7:20,tanks,29.6
Tanks,3/27/19,7:40,tanks,29.6
Tanks,3/27/19,8:00,tanks,29.6
Tanks,3/27/19,8:20,tanks,29.6
Tanks,3/27/19,8:40,tanks,29.7
Tanks,3/27/19,9:00,tanks,29.7
Tanks,3/27/19,9:20,tanks,29.7
Tanks,3/27/19,9:40,tanks,29.7
Tanks,3/27/19,10:00,tanks,29.7
Tanks,3/27/19,10:20,tanks,29.7
Tanks,3/27/19,10:40,tanks,29.7
Tanks,3/27/19,11:00,tanks,29.7
Tanks,3/27/19,11:20,tanks,29.7
Tanks,3/27/19,11:40,tanks,29.7
Tanks,3/27/19,12:00,tanks,29.8
Tanks,3/27/19,12:20,tanks,29.8
Tanks,3/27/19,12:40,tanks,29.8
Tanks,3/27/19,13:00,tanks,29.9
Tanks,3/27/19,13:20,tanks,29.9
Tanks,3/27/19,13:40,tanks,29.9
Tanks,3/27/19,14:00,tanks,29.9
Tanks,3/27/19,14:20,tanks,29.9
Tanks,3/27/19,14:40,tanks,29.8
Tanks,3/27/19,15:00,tanks,29.8
Tanks,3/27/19,15:20,tanks,29.8
Tanks,3/27/19,15:40,tanks,29.8
Tanks,3/27/19,16:00,tanks,29.8
Tanks,3/27/19,16:20,tanks,29.7
Tanks,3/27/19,16:40,tanks,29.7
Tanks,3/27/19,17:00,tanks,29.7
Tanks,3/27/19,17:20,tanks,29.7
Tanks,3/27/19,17:40,tanks,29.7
Tanks,3/27/19,18:00,tanks,29.6
Tanks,3/27/19,18:20,tanks,29.6
Tanks,3/27/19,18:40,tanks,29.6
Tanks,3/27/19,19:00,tanks,29.6
Tanks,3/27/19,19:20,tanks,29.5
Tanks,3/27/19,19:40,tanks,29.5
Tanks,3/27/19,20:00,tanks,29.5
Tanks,3/27/19,20:20,tanks,29.5
Tanks,3/27/19,20:40,tanks,29.5
Tanks,3/27/19,21:00,tanks,29.4
Tanks,3/27/19,21:20,tanks,29.4
Tanks,3/27/19,21:40,tanks,29.4
Tanks,3/27/19,22:00,tanks,29.4
Tanks,3/27/19,22:20,tanks,29.4
Tanks,3/27/19,22:40,tanks,29.3
Tanks,3/27/19,23:00,tanks,29.3
Tanks,3/27/19,23:20,tanks,29.3
Tanks,3/27/19,23:40,tanks,29.3
Tanks,3/28/19,0:00,tanks,29.4
Tanks,3/28/19,0:20,tanks,29.4
Tanks,3/28/19,0:40,tanks,29.4
Tanks,3/28/19,1:00,tanks,29.4
Tanks,3/28/19,1:20,tanks,29.4
Tanks,3/28/19,1:40,tanks,29.4
Tanks,3/28/19,2:00,tanks,29.4
Tanks,3/28/19,2:20,tanks,29.5
Tanks,3/28/19,2:40,tanks,29.5
Tanks,3/28/19,3:00,tanks,29.5
Tanks,3/28/19,3:20,tanks,29.5
Tanks,3/28/19,3:40,tanks,29.5
Tanks,3/28/19,4:00,tanks,29.5
Tanks,3/28/19,4:20,tanks,29.5
Tanks,3/28/19,4:40,tanks,29.5
Tanks,3/28/19,5:00,tanks,29.6
Tanks,3/28/19,5:20,tanks,29.6
Tanks,3/28/19,5:40,tanks,29.6
Tanks,3/28/19,6:00,tanks,29.6
Tanks,3/28/19,6:20,tanks,29.7
Tanks,3/28/19,6:40,tanks,29.7
Tanks,3/28/19,7:00,tanks,29.7
Tanks,3/28/19,7:20,tanks,29.7
Tanks,3/28/19,7:40,tanks,29.7
Tanks,3/28/19,8:00,tanks,29.7
Tanks,3/28/19,8:20,tanks,29.7
Tanks,3/28/19,8:40,tanks,29.7
Tanks,3/28/19,9:00,tanks,29.7
Tanks,3/28/19,9:20,tanks,29.7
Tanks,3/28/19,9:40,tanks,29.8
Tanks,3/28/19,10:00,tanks,29.8
Tanks,3/28/19,10:20,tanks,29.8
Tanks,3/28/19,10:40,tanks,29.8
Tanks,3/28/19,11:00,tanks,29.8
Tanks,3/28/19,11:20,tanks,29.8
Tanks,3/28/19,11:40,tanks,29.8
Tanks,3/28/19,12:00,tanks,29.8
Tanks,3/28/19,12:20,tanks,29.9
Tanks,3/28/19,12:40,tanks,29.9
Tanks,3/28/19,13:00,tanks,29.9
Tanks,3/28/19,13:20,tanks,30
Tanks,3/28/19,13:40,tanks,30
Tanks,3/28/19,14:00,tanks,30
Tanks,3/28/19,14:20,tanks,30
Tanks,3/28/19,14:40,tanks,30
Tanks,3/28/19,15:00,tanks,29.9
Tanks,3/28/19,15:20,tanks,29.9
Tanks,3/28/19,15:40,tanks,29.9
Tanks,3/28/19,16:00,tanks,29.8
Tanks,3/28/19,16:20,tanks,29.8
Tanks,3/28/19,16:40,tanks,29.8
Tanks,3/28/19,17:00,tanks,29.8
Tanks,3/28/19,17:20,tanks,29.8
Tanks,3/28/19,17:40,tanks,29.8
Tanks,3/28/19,18:00,tanks,29.7
Tanks,3/28/19,18:20,tanks,29.7
Tanks,3/28/19,18:40,tanks,29.7
Tanks,3/28/19,19:00,tanks,29.7
Tanks,3/28/19,19:20,tanks,29.7
Tanks,3/28/19,19:40,tanks,29.6
Tanks,3/28/19,20:00,tanks,29.6
Tanks,3/28/19,20:20,tanks,29.6
Tanks,3/28/19,20:40,tanks,29.6
Tanks,3/28/19,21:00,tanks,29.6
Tanks,3/28/19,21:20,tanks,29.5
Tanks,3/28/19,21:40,tanks,29.5
Tanks,3/28/19,22:00,tanks,29.5
Tanks,3/28/19,22:20,tanks,29.4
Tanks,3/28/19,22:40,tanks,29.4
Tanks,3/28/19,23:00,tanks,29.4
Tanks,3/28/19,23:20,tanks,29.4
Tanks,3/28/19,23:40,tanks,29.4
Tanks,3/29/19,0:00,tanks,29.4
Tanks,3/29/19,0:20,tanks,29.4
Tanks,3/29/19,0:40,tanks,29.4
Tanks,3/29/19,1:00,tanks,29.4
Tanks,3/29/19,1:20,tanks,29.4
Tanks,3/29/19,1:40,tanks,29.4
Tanks,3/29/19,2:00,tanks,29.4
Tanks,3/29/19,2:20,tanks,29.4
Tanks,3/29/19,2:40,tanks,29.4
Tanks,3/29/19,3:00,tanks,29.4
Tanks,3/29/19,3:20,tanks,29.5
Tanks,3/29/19,3:40,tanks,29.5
Tanks,3/29/19,4:00,tanks,29.5
Tanks,3/29/19,4:20,tanks,29.5
Tanks,3/29/19,4:40,tanks,29.5
Tanks,3/29/19,5:00,tanks,29.5
Tanks,3/29/19,5:20,tanks,29.5
Tanks,3/29/19,5:40,tanks,29.5
Tanks,3/29/19,6:00,tanks,29.5
Tanks,3/29/19,6:20,tanks,29.5
Tanks,3/29/19,6:40,tanks,29.6
Tanks,3/29/19,7:00,tanks,29.6
Tanks,3/29/19,7:20,tanks,29.6
Tanks,3/29/19,7:40,tanks,29.6
Tanks,3/29/19,8:00,tanks,29.6
Tanks,3/29/19,8:20,tanks,29.6
Tanks,3/29/19,8:40,tanks,29.7
Tanks,3/29/19,9:00,tanks,29.7
Tanks,3/29/19,9:20,tanks,29.7
Tanks,3/29/19,9:40,tanks,29.7
Tanks,3/29/19,10:00,tanks,29.7
Tanks,3/29/19,10:20,tanks,29.7
Tanks,3/29/19,10:40,tanks,29.7
Tanks,3/29/19,11:00,tanks,29.7
Tanks,3/29/19,11:20,tanks,29.7
Tanks,3/29/19,11:40,tanks,29.7
Tanks,3/29/19,12:00,tanks,29.8
Tanks,3/29/19,12:20,tanks,29.8
Tanks,3/29/19,12:40,tanks,29.8
Tanks,3/29/19,13:00,tanks,29.9
Tanks,3/29/19,13:20,tanks,29.9
Tanks,3/29/19,13:40,tanks,29.9
Tanks,3/29/19,14:00,tanks,29.9
Tanks,3/29/19,14:20,tanks,29.9
Tanks,3/29/19,14:40,tanks,29.8
Tanks,3/29/19,15:00,tanks,29.8
Tanks,3/29/19,15:20,tanks,29.8
Tanks,3/29/19,15:40,tanks,29.8
Tanks,3/29/19,16:00,tanks,29.8
Tanks,3/29/19,16:20,tanks,29.7
Tanks,3/29/19,16:40,tanks,29.7
Tanks,3/29/19,17:00,tanks,29.7
Tanks,3/29/19,17:20,tanks,29.7
Tanks,3/29/19,17:40,tanks,29.7
Tanks,3/29/19,18:00,tanks,29.6
Tanks,3/29/19,18:20,tanks,29.6
Tanks,3/29/19,18:40,tanks,29.6
Tanks,3/29/19,19:00,tanks,29.6
Tanks,3/29/19,19:20,tanks,29.5
Tanks,3/29/19,19:40,tanks,29.5
Tanks,3/29/19,20:00,tanks,29.5
Tanks,3/29/19,20:20,tanks,29.5
Tanks,3/29/19,20:40,tanks,29.5
Tanks,3/29/19,21:00,tanks,29.4
Tanks,3/29/19,21:20,tanks,29.4
Tanks,3/29/19,21:40,tanks,29.4
Tanks,3/29/19,22:00,tanks,29.4
Tanks,3/29/19,22:20,tanks,29.4
Tanks,3/29/19,22:40,tanks,29.3
Tanks,3/29/19,23:00,tanks,29.3
Tanks,3/29/19,23:20,tanks,29.3
Tanks,3/29/19,23:40,tanks,29.3
Tanks,3/30/19,0:00,tanks,29.4
Tanks,3/30/19,0:20,tanks,29.4
Tanks,3/30/19,0:40,tanks,29.4
Tanks,3/30/19,1:00,tanks,29.4
Tanks,3/30/19,1:20,tanks,29.4
Tanks,3/30/19,1:40,tanks,29.4
Tanks,3/30/19,2:00,tanks,29.4
Tanks,3/30/19,2:20,tanks,29.4
Tanks,3/30/19,2:40,tanks,29.4
Tanks,3/30/19,3:00,tanks,29.4
Tanks,3/30/19,3:20,tanks,29.5
Tanks,3/30/19,3:40,tanks,29.5
Tanks,3/30/19,4:00,tanks,29.5
Tanks,3/30/19,4:20,tanks,29.5
Tanks,3/30/19,4:40,tanks,29.5
Tanks,3/30/19,5:00,tanks,29.5
Tanks,3/30/19,5:20,tanks,29.5
Tanks,3/30/19,5:40,tanks,29.5
Tanks,3/30/19,6:00,tanks,29.5
Tanks,3/30/19,6:20,tanks,29.5
Tanks,3/30/19,6:40,tanks,29.6
Tanks,3/30/19,7:00,tanks,29.6
Tanks,3/30/19,7:20,tanks,29.6
Tanks,3/30/19,7:40,tanks,29.6
Tanks,3/30/19,8:00,tanks,29.6
Tanks,3/30/19,8:20,tanks,29.6
Tanks,3/30/19,8:40,tanks,29.7
Tanks,3/30/19,9:00,tanks,29.7
Tanks,3/30/19,9:20,tanks,29.7
Tanks,3/30/19,9:40,tanks,29.7
Tanks,3/30/19,10:00,tanks,29.7
Tanks,3/30/19,10:20,tanks,29.7
Tanks,3/30/19,10:40,tanks,29.7
Tanks,3/30/19,11:00,tanks,29.7
Tanks,3/30/19,11:20,tanks,29.7
Tanks,3/30/19,11:40,tanks,29.7
Tanks,3/30/19,12:00,tanks,29.8
Tanks,3/30/19,12:20,tanks,29.8
Tanks,3/30/19,12:40,tanks,29.8
Tanks,3/30/19,13:00,tanks,29.9
Tanks,3/30/19,13:20,tanks,29.9
Tanks,3/30/19,13:40,tanks,29.9
Tanks,3/30/19,14:00,tanks,29.9
Tanks,3/30/19,14:20,tanks,29.9
Tanks,3/30/19,14:40,tanks,29.8
Tanks,3/30/19,15:00,tanks,29.8
Tanks,3/30/19,15:20,tanks,29.8
Tanks,3/30/19,15:40,tanks,29.8
Tanks,3/30/19,16:00,tanks,29.8
Tanks,3/30/19,16:20,tanks,29.7
Tanks,3/30/19,16:40,tanks,29.7
Tanks,3/30/19,17:00,tanks,29.7
Tanks,3/30/19,17:20,tanks,29.7
Tanks,3/30/19,17:40,tanks,29.7
Tanks,3/30/19,18:00,tanks,29.6
Tanks,3/30/19,18:20,tanks,29.6
Tanks,3/30/19,18:40,tanks,29.6
Tanks,3/30/19,19:00,tanks,29.6
Tanks,3/30/19,19:20,tanks,29.5
Tanks,3/30/19,19:40,tanks,29.5
Tanks,3/30/19,20:00,tanks,29.5
Tanks,3/30/19,20:20,tanks,29.5
Tanks,3/30/19,20:40,tanks,29.5
Tanks,3/30/19,21:00,tanks,29.4
Tanks,3/30/19,21:20,tanks,29.4
Tanks,3/30/19,21:40,tanks,29.4
Tanks,3/30/19,22:00,tanks,29.4
Tanks,3/30/19,22:20,tanks,29.4
Tanks,3/30/19,22:40,tanks,29.3
Tanks,3/30/19,23:00,tanks,29.3
Tanks,3/30/19,23:20,tanks,29.3
Tanks,3/30/19,23:40,tanks,29.3
Tanks,3/31/19,0:00,tanks,29.2
Tanks,3/31/19,0:20,tanks,29.2
Tanks,3/31/19,0:40,tanks,29.2
Tanks,3/31/19,1:00,tanks,29.2
Tanks,3/31/19,1:20,tanks,29.2
Tanks,3/31/19,1:40,tanks,29.2
Tanks,3/31/19,2:00,tanks,29.2
Tanks,3/31/19,2:20,tanks,29.2
Tanks,3/31/19,2:40,tanks,29.2
Tanks,3/31/19,3:00,tanks,29.2
Tanks,3/31/19,3:20,tanks,29.3
Tanks,3/31/19,3:40,tanks,29.3
Tanks,3/31/19,4:00,tanks,29.3
Tanks,3/31/19,4:20,tanks,29.3
Tanks,3/31/19,4:40,tanks,29.3
Tanks,3/31/19,5:00,tanks,29.3
Tanks,3/31/19,5:20,tanks,29.3
Tanks,3/31/19,5:40,tanks,29.3
Tanks,3/31/19,6:00,tanks,29.4
Tanks,3/31/19,6:20,tanks,29.4
Tanks,3/31/19,6:40,tanks,29.4
Tanks,3/31/19,7:00,tanks,29.4
Tanks,3/31/19,7:20,tanks,29.4
Tanks,3/31/19,7:40,tanks,29.4
Tanks,3/31/19,8:00,tanks,29.4
Tanks,3/31/19,8:20,tanks,29.5
Tanks,3/31/19,8:40,tanks,29.5
Tanks,3/31/19,9:00,tanks,29.5
Tanks,3/31/19,9:20,tanks,29.5
Tanks,3/31/19,9:40,tanks,29.5
Tanks,3/31/19,10:00,tanks,29.5
Tanks,3/31/19,10:20,tanks,29.6
Tanks,3/31/19,10:40,tanks,29.6
Tanks,3/31/19,11:00,tanks,29.6
Tanks,3/31/19,11:20,tanks,29.6
Tanks,3/31/19,11:40,tanks,29.7
Tanks,3/31/19,12:00,tanks,29.7
Tanks,3/31/19,12:20,tanks,29.7
Tanks,3/31/19,12:40,tanks,29.7
Tanks,3/31/19,13:00,tanks,29.8
Tanks,3/31/19,13:20,tanks,29.8
Tanks,3/31/19,13:40,tanks,29.8
Tanks,3/31/19,14:00,tanks,29.8
Tanks,3/31/19,14:20,tanks,29.8
Tanks,3/31/19,14:40,tanks,29.8
Tanks,3/31/19,15:00,tanks,29.7
Tanks,3/31/19,15:20,tanks,29.7
Tanks,3/31/19,15:40,tanks,29.7
Tanks,3/31/19,16:00,tanks,29.7
Tanks,3/31/19,16:20,tanks,29.6
Tanks,3/31/19,16:40,tanks,29.6
Tanks,3/31/19,17:00,tanks,29.6
Tanks,3/31/19,17:20,tanks,29.6
Tanks,3/31/19,17:40,tanks,29.6
Tanks,3/31/19,18:00,tanks,29.5
Tanks,3/31/19,18:20,tanks,29.5
Tanks,3/31/19,18:40,tanks,29.5
Tanks,3/31/19,19:00,tanks,29.5
Tanks,3/31/19,19:20,tanks,29.5
Tanks,3/31/19,19:40,tanks,29.4
Tanks,3/31/19,20:00,tanks,29.4
Tanks,3/31/19,20:20,tanks,29.4
Tanks,3/31/19,20:40,tanks,29.4
Tanks,3/31/19,21:00,tanks,29.3
Tanks,3/31/19,21:20,tanks,29.3
Tanks,3/31/19,21:40,tanks,29.3
Tanks,3/31/19,22:00,tanks,29.2
Tanks,3/31/19,22:20,tanks,29.2
Tanks,3/31/19,22:40,tanks,29.2
Tanks,3/31/19,23:00,tanks,29.2
Tanks,3/31/19,23:20,tanks,29.2
Tanks,3/31/19,23:40,tanks,29.2
Tanks,4/1/19,0:00,tanks,29.1
Tanks,4/1/19,0:20,tanks,29.1
Tanks,4/1/19,0:40,tanks,29.1
Tanks,4/1/19,1:00,tanks,29.1
Tanks,4/1/19,1:20,tanks,29.1
Tanks,4/1/19,1:40,tanks,29.1
Tanks,4/1/19,2:00,tanks,29.2
Tanks,4/1/19,2:20,tanks,29.2
Tanks,4/1/19,2:40,tanks,29.2
Tanks,4/1/19,3:00,tanks,29.2
Tanks,4/1/19,3:20,tanks,29.2
Tanks,4/1/19,3:40,tanks,29.3
Tanks,4/1/19,4:00,tanks,29.3
Tanks,4/1/19,4:20,tanks,29.3
Tanks,4/1/19,4:40,tanks,29.3
Tanks,4/1/19,5:00,tanks,29.3
Tanks,4/1/19,5:20,tanks,29.3
Tanks,4/1/19,5:40,tanks,29.4
Tanks,4/1/19,6:00,tanks,29.4
Tanks,4/1/19,6:20,tanks,29.4
Tanks,4/1/19,6:40,tanks,29.4
Tanks,4/1/19,7:00,tanks,29.4
Tanks,4/1/19,7:20,tanks,29.5
Tanks,4/1/19,7:40,tanks,29.5
Tanks,4/1/19,8:00,tanks,29.5
Tanks,4/1/19,8:20,tanks,29.5
Tanks,4/1/19,8:40,tanks,29.5
Tanks,4/1/19,9:00,tanks,29.5
Tanks,4/1/19,9:20,tanks,29.6
Tanks,4/1/19,9:40,tanks,29.6
Tanks,4/1/19,10:00,tanks,29.6
Tanks,4/1/19,10:20,tanks,29.6
Tanks,4/1/19,10:40,tanks,29.6
Tanks,4/1/19,11:00,tanks,29.6
Tanks,4/1/19,11:20,tanks,29.6
Tanks,4/1/19,11:40,tanks,29.6
Tanks,4/1/19,12:00,tanks,29.6
Tanks,4/1/19,12:20,tanks,29.6
Tanks,4/1/19,12:40,tanks,29.7
Tanks,4/1/19,13:00,tanks,29.7
Tanks,4/1/19,13:20,tanks,29.7
Tanks,4/1/19,13:40,tanks,29.7
Tanks,4/1/19,14:00,tanks,29.7
Tanks,4/1/19,14:20,tanks,29.6
Tanks,4/1/19,14:40,tanks,29.6
Tanks,4/1/19,15:00,tanks,29.6
Tanks,4/1/19,15:20,tanks,29.6
Tanks,4/1/19,15:40,tanks,29.6
Tanks,4/1/19,16:00,tanks,29.5
Tanks,4/1/19,16:20,tanks,29.5
Tanks,4/1/19,16:40,tanks,29.5
Tanks,4/1/19,17:00,tanks,29.5
Tanks,4/1/19,17:20,tanks,29.4
Tanks,4/1/19,17:40,tanks,29.4
Tanks,4/1/19,18:00,tanks,29.4
Tanks,4/1/19,18:20,tanks,29.4
Tanks,4/1/19,18:40,tanks,29.3
Tanks,4/1/19,19:00,tanks,29.3
Tanks,4/1/19,19:20,tanks,29.3
Tanks,4/1/19,19:40,tanks,29.2
Tanks,4/1/19,20:00,tanks,29.2
Tanks,4/1/19,20:20,tanks,29.2
Tanks,4/1/19,20:40,tanks,29.1
Tanks,4/1/19,21:00,tanks,29.1
Tanks,4/1/19,21:20,tanks,29.1
Tanks,4/1/19,21:40,tanks,29.1
Tanks,4/1/19,22:00,tanks,29.1
Tanks,4/1/19,22:20,tanks,29.1
Tanks,4/1/19,22:40,tanks,29.1
Tanks,4/1/19,23:00,tanks,29.1
Tanks,4/1/19,23:20,tanks,29.1
Tanks,4/1/19,23:40,tanks,29.1
Tanks,4/2/19,0:00,tanks,29
Tanks,4/2/19,0:20,tanks,29
Tanks,4/2/19,0:40,tanks,29
Tanks,4/2/19,1:00,tanks,29
Tanks,4/2/19,1:20,tanks,29
Tanks,4/2/19,1:40,tanks,29.1
Tanks,4/2/19,2:00,tanks,29.1
Tanks,4/2/19,2:20,tanks,29.1
Tanks,4/2/19,2:40,tanks,29.1
Tanks,4/2/19,3:00,tanks,29.1
Tanks,4/2/19,3:20,tanks,29.2
Tanks,4/2/19,3:40,tanks,29.2
Tanks,4/2/19,4:00,tanks,29.2
Tanks,4/2/19,4:20,tanks,29.2
Tanks,4/2/19,4:40,tanks,29.2
Tanks,4/2/19,5:00,tanks,29.2
Tanks,4/2/19,5:20,tanks,29.3
Tanks,4/2/19,5:40,tanks,29.3
Tanks,4/2/19,6:00,tanks,29.3
Tanks,4/2/19,6:20,tanks,29.3
Tanks,4/2/19,6:40,tanks,29.3
Tanks,4/2/19,7:00,tanks,29.4
Tanks,4/2/19,7:20,tanks,29.4
Tanks,4/2/19,7:40,tanks,29.4
Tanks,4/2/19,8:00,tanks,29.4
Tanks,4/2/19,8:20,tanks,29.4
Tanks,4/2/19,8:40,tanks,29.4
Tanks,4/2/19,9:00,tanks,29.4
Tanks,4/2/19,9:20,tanks,29.4
Tanks,4/2/19,9:40,tanks,29.4
Tanks,4/2/19,10:00,tanks,29.5
Tanks,4/2/19,10:20,tanks,29.5
Tanks,4/2/19,10:40,tanks,29.5
Tanks,4/2/19,11:00,tanks,29.5
Tanks,4/2/19,11:20,tanks,29.5
Tanks,4/2/19,11:40,tanks,29.5
Tanks,4/2/19,12:00,tanks,29.5
Tanks,4/2/19,12:20,tanks,29.5
Tanks,4/2/19,12:40,tanks,29.6
Tanks,4/2/19,13:00,tanks,29.6
Tanks,4/2/19,13:20,tanks,29.6
Tanks,4/2/19,13:40,tanks,29.6
Tanks,4/2/19,14:00,tanks,29.5
Tanks,4/2/19,14:20,tanks,29.5
Tanks,4/2/19,14:40,tanks,29.5
Tanks,4/2/19,15:00,tanks,29.5
Tanks,4/2/19,15:20,tanks,29.4
Tanks,4/2/19,15:40,tanks,29.4
Tanks,4/2/19,16:00,tanks,29.4
Tanks,4/2/19,16:20,tanks,29.4
Tanks,4/2/19,16:40,tanks,29.4
Tanks,4/2/19,17:00,tanks,29.3
Tanks,4/2/19,17:20,tanks,29.3
Tanks,4/2/19,17:40,tanks,29.3
Tanks,4/2/19,18:00,tanks,29.3
Tanks,4/2/19,18:20,tanks,29.3
Tanks,4/2/19,18:40,tanks,29.2
Tanks,4/2/19,19:00,tanks,29.2
Tanks,4/2/19,19:20,tanks,29.2
Tanks,4/2/19,19:40,tanks,29.2
Tanks,4/2/19,20:00,tanks,29.2
Tanks,4/2/19,20:20,tanks,29.2
Tanks,4/2/19,20:40,tanks,29.1
Tanks,4/2/19,21:00,tanks,29.1
Tanks,4/2/19,21:20,tanks,29.1
Tanks,4/2/19,21:40,tanks,29.1
Tanks,4/2/19,22:00,tanks,29.1
Tanks,4/2/19,22:20,tanks,29
Tanks,4/2/19,22:40,tanks,29
Tanks,4/2/19,23:00,tanks,29
Tanks,4/2/19,23:20,tanks,29
Tanks,4/2/19,23:40,tanks,29
Tanks,4/3/19,0:00,tanks,28.9
Tanks,4/3/19,0:20,tanks,28.9
Tanks,4/3/19,0:40,tanks,28.9
Tanks,4/3/19,1:00,tanks,28.9
Tanks,4/3/19,1:20,tanks,28.9
Tanks,4/3/19,1:40,tanks,28.9
Tanks,4/3/19,2:00,tanks,28.9
Tanks,4/3/19,2:20,tanks,28.9
Tanks,4/3/19,2:40,tanks,28.9
Tanks,4/3/19,3:00,tanks,28.9
Tanks,4/3/19,3:20,tanks,29
Tanks,4/3/19,3:40,tanks,29
Tanks,4/3/19,4:00,tanks,29
Tanks,4/3/19,4:20,tanks,29
Tanks,4/3/19,4:40,tanks,29
Tanks,4/3/19,5:00,tanks,29
Tanks,4/3/19,5:20,tanks,29
Tanks,4/3/19,5:40,tanks,29.1
Tanks,4/3/19,6:00,tanks,29.1
Tanks,4/3/19,6:20,tanks,29.1
Tanks,4/3/19,6:40,tanks,29.1
Tanks,4/3/19,7:00,tanks,29.1
Tanks,4/3/19,7:20,tanks,29.1
Tanks,4/3/19,7:40,tanks,29.1
Tanks,4/3/19,8:00,tanks,29.1
Tanks,4/3/19,8:20,tanks,29.1
Tanks,4/3/19,8:40,tanks,29.1
Tanks,4/3/19,9:00,tanks,29.1
Tanks,4/3/19,9:20,tanks,29.2
Tanks,4/3/19,9:40,tanks,29.2
Tanks,4/3/19,10:00,tanks,29.2
Tanks,4/3/19,10:20,tanks,29.2
Tanks,4/3/19,10:40,tanks,29.3
Tanks,4/3/19,11:00,tanks,29.3
Tanks,4/3/19,11:20,tanks,29.3
Tanks,4/3/19,11:40,tanks,29.3
Tanks,4/3/19,12:00,tanks,29.3
Tanks,4/3/19,12:20,tanks,29.3
Tanks,4/3/19,12:40,tanks,29.4
Tanks,4/3/19,13:00,tanks,29.4
Tanks,4/3/19,13:20,tanks,29.4
Tanks,4/3/19,13:40,tanks,29.4
Tanks,4/3/19,14:00,tanks,29.4
Tanks,4/3/19,14:20,tanks,29.4
Tanks,4/3/19,14:40,tanks,29.5
Tanks,4/3/19,15:00,tanks,29.5
Tanks,4/3/19,15:20,tanks,29.5
Tanks,4/3/19,15:40,tanks,29.5
Tanks,4/3/19,16:00,tanks,29.5
Tanks,4/3/19,16:20,tanks,29.4
Tanks,4/3/19,16:40,tanks,29.4
Tanks,4/3/19,17:00,tanks,29.4
Tanks,4/3/19,17:20,tanks,29.4
Tanks,4/3/19,17:40,tanks,29.4
Tanks,4/3/19,18:00,tanks,29.3
Tanks,4/3/19,18:20,tanks,29.3
Tanks,4/3/19,18:40,tanks,29.3
Tanks,4/3/19,19:00,tanks,29.3
Tanks,4/3/19,19:20,tanks,29.3
Tanks,4/3/19,19:40,tanks,29.3
Tanks,4/3/19,20:00,tanks,29.2
Tanks,4/3/19,20:20,tanks,29.2
Tanks,4/3/19,20:40,tanks,29.2
Tanks,4/3/19,21:00,tanks,29.2
Tanks,4/3/19,21:20,tanks,29.2
Tanks,4/3/19,21:40,tanks,29.2
Tanks,4/3/19,22:00,tanks,29.1
Tanks,4/3/19,22:20,tanks,29.1
Tanks,4/3/19,22:40,tanks,29.1
Tanks,4/3/19,23:00,tanks,29.1
Tanks,4/3/19,23:20,tanks,29
Tanks,4/3/19,23:40,tanks,28.9
Tanks,4/4/19,0:00,tanks,28.8
Tanks,4/4/19,0:20,tanks,28.8
Tanks,4/4/19,0:40,tanks,28.8
Tanks,4/4/19,1:00,tanks,28.8
Tanks,4/4/19,1:20,tanks,28.8
Tanks,4/4/19,1:40,tanks,28.8
Tanks,4/4/19,2:00,tanks,28.8
Tanks,4/4/19,2:20,tanks,28.8
Tanks,4/4/19,2:40,tanks,28.8
Tanks,4/4/19,3:00,tanks,28.9
Tanks,4/4/19,3:20,tanks,28.9
Tanks,4/4/19,3:40,tanks,28.9
Tanks,4/4/19,4:00,tanks,29
Tanks,4/4/19,4:20,tanks,29
Tanks,4/4/19,4:40,tanks,29
Tanks,4/4/19,5:00,tanks,29
Tanks,4/4/19,5:20,tanks,29
Tanks,4/4/19,5:40,tanks,29.1
Tanks,4/4/19,6:00,tanks,29.1
Tanks,4/4/19,6:20,tanks,29.1
Tanks,4/4/19,6:40,tanks,29.1
Tanks,4/4/19,7:00,tanks,29.1
Tanks,4/4/19,7:20,tanks,29.2
Tanks,4/4/19,7:40,tanks,29.2
Tanks,4/4/19,8:00,tanks,29.2
Tanks,4/4/19,8:20,tanks,29.2
Tanks,4/4/19,8:40,tanks,29.2
Tanks,4/4/19,9:00,tanks,29.2
Tanks,4/4/19,9:20,tanks,29.3
Tanks,4/4/19,9:40,tanks,29.3
Tanks,4/4/19,10:00,tanks,29.3
Tanks,4/4/19,10:20,tanks,29.3
Tanks,4/4/19,10:40,tanks,29.3
Tanks,4/4/19,11:00,tanks,29.3
Tanks,4/4/19,11:20,tanks,29.4
Tanks,4/4/19,11:40,tanks,29.4
Tanks,4/4/19,12:00,tanks,29.4
Tanks,4/4/19,12:20,tanks,29.4
Tanks,4/4/19,12:40,tanks,29.4
Tanks,4/4/19,13:00,tanks,29.4
Tanks,4/4/19,13:20,tanks,29.5
Tanks,4/4/19,13:40,tanks,29.5
Tanks,4/4/19,14:00,tanks,29.5
Tanks,4/4/19,14:20,tanks,29.5
Tanks,4/4/19,14:40,tanks,29.5
Tanks,4/4/19,15:00,tanks,29.5
Tanks,4/4/19,15:20,tanks,29.5
Tanks,4/4/19,15:40,tanks,29.4
Tanks,4/4/19,16:00,tanks,29.4
Tanks,4/4/19,16:20,tanks,29.4
Tanks,4/4/19,16:40,tanks,29.4
Tanks,4/4/19,17:00,tanks,29.4
Tanks,4/4/19,17:20,tanks,29.4
Tanks,4/4/19,17:40,tanks,29.3
Tanks,4/4/19,18:00,tanks,29.3
Tanks,4/4/19,18:20,tanks,29.3
Tanks,4/4/19,18:40,tanks,29.2
Tanks,4/4/19,19:00,tanks,29.2
Tanks,4/4/19,19:20,tanks,29.2
Tanks,4/4/19,19:40,tanks,29.2
Tanks,4/4/19,20:00,tanks,29.2
Tanks,4/4/19,20:20,tanks,29.2
Tanks,4/4/19,20:40,tanks,29.1
Tanks,4/4/19,21:00,tanks,29.1
Tanks,4/4/19,21:20,tanks,29.1
Tanks,4/4/19,21:40,tanks,29.1
Tanks,4/4/19,22:00,tanks,29
Tanks,4/4/19,22:20,tanks,29
Tanks,4/4/19,22:40,tanks,29
Tanks,4/4/19,23:00,tanks,28.9
Tanks,4/4/19,23:20,tanks,28.8
Tanks,4/4/19,23:40,tanks,28.8
Tanks,4/5/19,0:00,tanks,28.7
Tanks,4/5/19,0:20,tanks,28.7
Tanks,4/5/19,0:40,tanks,28.7
Tanks,4/5/19,1:00,tanks,28.7
Tanks,4/5/19,1:20,tanks,28.7
Tanks,4/5/19,1:40,tanks,28.7
Tanks,4/5/19,2:00,tanks,28.7
Tanks,4/5/19,2:20,tanks,28.7
Tanks,4/5/19,2:40,tanks,28.7
Tanks,4/5/19,3:00,tanks,28.7
Tanks,4/5/19,3:20,tanks,28.7
Tanks,4/5/19,3:40,tanks,28.7
Tanks,4/5/19,4:00,tanks,28.7
Tanks,4/5/19,4:20,tanks,28.8
Tanks,4/5/19,4:40,tanks,28.8
Tanks,4/5/19,5:00,tanks,28.8
Tanks,4/5/19,5:20,tanks,28.8
Tanks,4/5/19,5:40,tanks,28.9
Tanks,4/5/19,6:00,tanks,28.9
Tanks,4/5/19,6:20,tanks,28.9
Tanks,4/5/19,6:40,tanks,28.9
Tanks,4/5/19,7:00,tanks,28.9
Tanks,4/5/19,7:20,tanks,28.9
Tanks,4/5/19,7:40,tanks,29
Tanks,4/5/19,8:00,tanks,29
Tanks,4/5/19,8:20,tanks,29
Tanks,4/5/19,8:40,tanks,29
Tanks,4/5/19,9:00,tanks,29.1
Tanks,4/5/19,9:20,tanks,29.1
Tanks,4/5/19,9:40,tanks,29.1
Tanks,4/5/19,10:00,tanks,29.1
Tanks,4/5/19,10:20,tanks,29.2
Tanks,4/5/19,10:40,tanks,29.2
Tanks,4/5/19,11:00,tanks,29.2
Tanks,4/5/19,11:20,tanks,29.2
Tanks,4/5/19,11:40,tanks,29.2
Tanks,4/5/19,12:00,tanks,29.3
Tanks,4/5/19,12:20,tanks,29.3
Tanks,4/5/19,12:40,tanks,29.4
Tanks,4/5/19,13:00,tanks,29.4
Tanks,4/5/19,13:20,tanks,29.4
Tanks,4/5/19,13:40,tanks,29.4
Tanks,4/5/19,14:00,tanks,29.4
Tanks,4/5/19,14:20,tanks,29.4
Tanks,4/5/19,14:40,tanks,29.4
Tanks,4/5/19,15:00,tanks,29.4
Tanks,4/5/19,15:20,tanks,29.4
Tanks,4/5/19,15:40,tanks,29.3
Tanks,4/5/19,16:00,tanks,29.3
Tanks,4/5/19,16:20,tanks,29.3
Tanks,4/5/19,16:40,tanks,29.3
Tanks,4/5/19,17:00,tanks,29.3
Tanks,4/5/19,17:20,tanks,29.2
Tanks,4/5/19,17:40,tanks,29.2
Tanks,4/5/19,18:00,tanks,29.2
Tanks,4/5/19,18:20,tanks,29.2
Tanks,4/5/19,18:40,tanks,29.2
Tanks,4/5/19,19:00,tanks,29.2
Tanks,4/5/19,19:20,tanks,29.1
Tanks,4/5/19,19:40,tanks,29.1
Tanks,4/5/19,20:00,tanks,29.1
Tanks,4/5/19,20:20,tanks,29.1
Tanks,4/5/19,20:40,tanks,29
Tanks,4/5/19,21:00,tanks,29
Tanks,4/5/19,21:20,tanks,29
Tanks,4/5/19,21:40,tanks,29
Tanks,4/5/19,22:00,tanks,28.9
Tanks,4/5/19,22:20,tanks,28.9
Tanks,4/5/19,22:40,tanks,28.8
Tanks,4/5/19,23:00,tanks,28.8
Tanks,4/5/19,23:20,tanks,28.7
Tanks,4/5/19,23:40,tanks,28.7